MO_Energy_eV,Cd-Cl,Cd-Te,Cl-Te
-8.995766104780577,0.11619078260088476,0.16803895160554316,0.024119282009598963
-8.988147360952357,0.11118224224640794,0.1787816907858337,0.02355413699922212
-8.967130311381142,0.11057950333033431,0.1893268944536727,0.025498648487360803
-8.957041988742974,0.11615238880723822,0.16625513900860123,0.025167116230687823
-8.949859933076253,0.12355798096381805,0.1500871020160106,0.025551438171439546
-8.941380736074922,0.11555529811988327,0.15341895374749978,0.02510149036188599
-8.920452977785535,0.11846284380564846,0.1782463315804147,0.02509716494384928
-8.915035130442844,0.12130948795239724,0.15805222426928667,0.026113699113817737
-8.901157643736024,0.08978890586852241,0.20618543111379978,0.024449742447453852
-8.898431557645846,0.10995583939020685,0.17125228761146827,0.024520295492046595
-8.881379440431436,0.10733619059995467,0.17414237956742587,0.022864516209410227
-8.872923349438981,0.10672759101324027,0.16957570273499273,0.024470045753629533
-8.860523178711937,0.08510088817448344,0.200185133515751,0.024248203653925687
-8.851666438003063,0.11363178965297338,0.15744157004142945,0.024827030524463865
-8.832946671718378,0.09725573546317486,0.20055718490224098,0.025948247645001133
-8.80987484150096,0.08447069797022329,0.19658143383664883,0.025750216377648207
-8.803506848257733,0.08780283348623381,0.19643165240538277,0.024546631919134348
-8.780961623501195,0.0861905317734723,0.2000855073424025,0.02164567021023012
-8.76952206824473,0.09155179208754327,0.19239571827959712,0.0194264682916721
-8.755339498914301,0.09611648953523982,0.1850167433356315,0.019772574138698828
-8.747672495118012,0.0831080678998565,0.2076661182150257,0.0235331289226137
-8.739907439338552,0.09257383920967063,0.1888396528989544,0.022590383026542378
-8.72865036219364,0.11112880606527975,0.16177458499751213,0.01903411050866477
-8.700383117133219,0.057268236061618814,0.3148192658216309,0.016050349448610987
-8.695546740324279,0.060754167643326515,0.30882207833969777,0.01566638452189071
-8.694034673005826,0.072716221673518,0.26108267898208776,0.019561929049802865
-8.68678694305206,0.06577642116656057,0.29056395711881977,0.0167057144081427
-8.676654391209157,0.08475926850261657,0.22014469978101414,0.017680143955021644
-8.615047008874937,0.012061205415894498,0.471965812364779,0.004869995616592346
-8.60228630594999,0.08076970407669783,0.21000593995038178,0.014131471854096017
-8.602038554235039,0.07961170125122342,0.21596552523708507,0.013621071875462016
-8.583322230589854,0.072213287084936,0.23403500904794733,0.009055367097657778
-8.569969283573778,0.07742383195169683,0.2374903173898525,0.017568161071185244
-8.564007832180277,0.0680309110701617,0.26019503511021125,0.011208556980328476
-8.557184850859652,0.07359812585425485,0.25066359720326725,0.015608132950881086
-8.555229793956718,0.020982853222330795,0.43873707385325317,0.008148308026605582
-8.538437335346341,0.024777541192419122,0.36524022993639327,0.01372816884206214
-8.534891077082436,0.04806908017942168,0.3223145258597651,0.013693213880894175
-8.519623169413247,0.04504676337852332,0.3236508984006867,0.012980804983564775
-8.510496471239518,0.02835586650419909,0.4049020612520882,0.009246913795190834
-8.494031061424488,0.03763542048959047,0.3411316196870181,0.012336341104826056
-8.48308809187174,0.026183960767848798,0.40432565280918564,0.008059579949358207
-8.477955634674462,0.03392019429394004,0.29466117363584776,0.017810105207014187
-8.462678370255707,0.03180406937861523,0.33905200726729906,0.009294803866130128
-8.45474536215135,0.025064729220390165,0.3894047198451562,0.006688260361729596
-8.446653519618646,0.055717577247983374,0.2679164860825031,0.012367914973063804
-8.439502915448982,0.04526395191579731,0.3043128951534176,0.01094394761566619
-8.436979086642351,0.04034192257557435,0.33031262172167547,0.009878295560222955
-8.430077867393642,0.03445559020101175,0.3497497730116006,0.011063092597335513
-8.426469694956289,0.020862371176680154,0.40919130070387505,0.005580675273149198
-8.423123390374467,0.05311719249072513,0.2570007156834954,0.016435538180569923
-8.419371864743907,0.04739076673248641,0.288050441314093,0.017915843156131938
-8.416171883386896,0.011934604549567221,0.44067331038301455,0.005279721154952739
-8.410543545929213,0.02836040973691529,0.3543008066596795,0.009012989176633832
-8.398854649079507,0.028750513233850063,0.35139510511002137,0.00836382405516851
-8.397683614800373,0.03255322653469421,0.3469936902108634,0.009014452798802447
-8.392573636141455,0.026450027765550842,0.38752033611161485,0.006646156507535003
-8.389616564544411,0.02852125468831034,0.37104137663038056,0.0067192966144034956
-8.384606842335973,0.01912945146544996,0.4093397106669417,0.003800798128155957
-8.378200307034309,0.03231000390835772,0.35881244542733776,0.008924708162187937
-8.371529309486068,0.03414529536856133,0.3203905023852786,0.007264557402332999
-8.365899704748609,0.0226105757337144,0.35722859076085806,0.007579664950635513
-8.361259740106506,0.028232440853687348,0.3530527051395657,0.005633507896660286
-8.359794403123837,0.03812447576707408,0.296642598349799,0.007435486224260583
-8.352554352561395,0.030669426669775714,0.33042165668027684,0.008169007009113612
-8.343877711507822,0.03551971471494798,0.3136832543232161,0.011153418132978465
-8.33755767340084,0.03212246132723398,0.30732361240863726,0.014381838114298945
-8.329442002743052,0.02335172174402309,0.35341688664783943,0.010675289396544068
-8.325026238637715,0.02754569977971575,0.35361598013883405,0.010439993573226291
-8.319120785420672,0.017810310515125088,0.37418485228880144,0.00910945866288293
-8.313048406513667,0.02271668457093927,0.36672175685670366,0.006646034776335927
-8.307260056068316,0.019721653855016272,0.37342873611626715,0.00828374832404487
-8.297259307038159,0.03478244519326058,0.2949198962919721,0.01765757683302936
-8.29668192851811,0.031336771939456665,0.3033548371460542,0.009819282926429501
-8.282189766643725,0.035479995623947255,0.2645401636757883,0.0188480397342124
-8.272946682540192,0.024182264824842814,0.34815476543255347,0.012865053387195386
-8.260330483778437,0.03307742715757093,0.28107257496255994,0.012041014604802707
-8.252279601960574,0.023622569711483334,0.29829000752974366,0.006141643239936347
-8.23965972532823,0.034230191135818,0.26937356677167174,0.009651138601320828
-8.236943311560053,0.037094298187920434,0.2784830602464635,0.009673723616231587
-8.20914157327679,0.016533218068172786,0.36258715240655476,0.01215506526929872
-8.202979366202033,0.017762352651835466,0.3752394254237378,0.006446802958007818
-8.201073195396896,0.016608378071377314,0.3663109245260268,0.00620741882354919
-8.183303204705311,0.018694075082220638,0.35861700269906144,0.008572622137429226
-8.179656746519367,0.021434177094712598,0.34763084935714433,0.005103300822366161
-8.175962538785388,0.019303802191879132,0.34781483535356744,0.008277544365436701
-8.17068152663889,0.022779270395802863,0.34956278501853016,0.0053037138822157335
-8.161364543341525,0.01677518691386539,0.3373093698054535,0.004419534404350088
-8.158204718999466,0.022607608330949443,0.3193775975554657,0.00386332610305556
-8.15706503505185,0.02675012178212547,0.30741988736817855,0.005744761838791611
-8.151083468046489,0.01911725610484153,0.3046443965016849,0.0007952844345871003
-8.150521332770113,0.022558919591722695,0.2870043703880531,0.0009641886420266806
-8.144604092154102,0.02128204533538057,0.33151071334917426,0.006264728013939803
-8.139659051806968,0.019910278214571368,0.3506714144759772,0.003736257916526972
-8.120914861113876,0.02178507622864687,0.2793643974455214,0.009063181942285795
-8.119844325641049,0.020270575565808708,0.3012266511286522,0.005422537030935602
-8.10958701854463,0.02280466041830689,0.31234656413911405,0.009578492969554478
-8.097991318095136,0.018247969120113436,0.28858301357893207,0.007326186882428442
-8.087312584606765,0.020656308253014243,0.2529457923139726,0.009529762886110484
-8.079111824659279,0.029775459309865197,0.2202387069057438,-0.0026856632411725555
-8.062940094812182,0.01969581822668396,0.21263524856912486,0.010187267994858468
-8.034170299064007,0.01994446441643195,0.19563004102001272,0.0009405285501073502
-8.022697770597748,0.02054810604821423,0.1780094252680399,0.0008741802105189596
-8.004458728232713,0.02303547672040522,0.13319898666995758,-0.0015266858722728384
-7.998462604575347,0.024009400944201124,0.09920627768346452,-0.00456794004909733
-7.984903621114554,0.020354973649381953,0.15447149563095,-0.00527471765730913
-7.977864125022352,0.017844065659076074,0.19302705919365234,-0.007920634986920926
-7.9612743504863355,0.01418295186455837,0.20759294699030922,-0.0043047162102673505
-7.957182646435555,0.018223608911911274,0.19529582286681588,-0.002741576076343173
-7.9499071612880945,0.019912191181221638,0.17231925679670496,-0.00041988465216326293
-7.9471447415700665,0.01803585772989584,0.2009010729554557,-0.001709628166365354
-7.936268900319757,0.01109165870481474,0.38388475471729294,-0.0010596569222274545
-7.931250429860803,0.01268011969820191,0.16928912854644995,-0.007875721732231852
-7.9295357247311875,0.01067277770005494,0.35700586274888874,-0.0019557868597509806
-7.901971983258781,0.009875268168776437,0.1291738707131311,-0.0069953456079156475
-7.889405772788736,0.018962891217813884,0.3276828204119464,0.0012011664004350886
-7.882162992938137,0.007628156849235419,0.09575941565531358,0.005920786352109724
-7.87076472450311,0.005965985440954873,0.09138143070020571,0.007649209742784806
-7.857484866167099,0.002651806025453137,0.13656404602352384,0.012278051337512957
-7.854050055361756,0.0064121613918350796,0.14515021848423137,0.0036861443155000936
-7.84685137589799,0.006370419498014667,0.12164601880522419,0.0021750304552547654
-7.8396190947686994,0.005613447815168677,0.1882728434964246,0.001079696592609842
-7.834050768469061,0.0067458669697200505,0.12330125806627296,-0.008720933270733245
-7.828801600388467,0.006736811394749493,0.12632270979531107,-0.007130775165413874
-7.826054902743862,0.00475713438720573,0.27634065668694785,0.004738565553139739
-7.824179829877764,0.005892271533948151,0.20225471338163864,0.0032805172659518414
-7.821111383272615,0.0076583255783314284,0.1370621503504921,-0.008208172728090567
-7.809044266861461,0.005906155727874382,0.1367839712540268,0.0021566000879373708
-7.805308323042278,0.008001434014999627,0.13560110456702082,0.0013543552781734118
-7.800284241690435,0.005462624502580092,0.1823574168197202,-0.0036532191645984396
-7.798522423362774,0.006765262000625857,0.12805599775476376,0.0006206101785099917
-7.794452984816871,0.009342718113349628,0.24459794856225878,0.01361957632551102
-7.782071379311837,0.008125479370349204,0.22971737995820918,0.0071256686843166744
-7.7771933335639645,0.009967095444721893,0.2566903134233757,0.013867231933766783
-7.761422144730145,0.012491983096224964,0.22834900696295438,0.009759900462158747
-7.750295108650521,0.01929598727549908,0.09464042896223267,0.008570405968466172
-7.7486400754201945,0.019885487231031708,0.09422707123378696,0.009721092370464713
-7.741587161246794,0.012395281862097346,0.12833810994142233,0.002628616799855623
-7.730939846746299,0.013446926593476438,0.14352544208443768,0.001012926832170775
-7.72799387032382,0.0012195898344630294,0.07803025245188859,0.004905385074582306
-7.7233653150648784,0.014137544788661348,0.10258680323943054,0.005763805734763345
-7.718488929065699,0.003579709655320202,0.0958006722227558,-0.0016319195106575415
-7.7144036933325815,0.009194001007788397,0.0917385113644973,0.005522202191305834
-7.712170983511358,0.005792168774530455,0.1103666711395557,0.0005488424650846476
-7.708034932841623,0.011621975147320277,0.09228423278979166,0.0037559691081329337
-7.7021277690184,0.0036422938222948308,0.1148321175768998,-0.006722822066471836
-7.697540660138431,0.006967185367999744,0.19535455320451534,0.004521087690683726
-7.6910960623537505,0.01258323097343586,0.15798986558945285,0.0007737858765956298
-7.687142856383973,0.00808343908987919,0.16381274826365477,0.00032317829938123684
-7.671638870564408,0.004245324795458178,0.20744630957885396,0.006236452762541387
-7.666970855693653,0.006153031442509282,0.11553682793986399,0.005367011100783378
-7.661679452586152,0.004907668232516165,0.09508595308441718,0.0019146522533945716
-7.658436757383166,0.003170857352981979,0.08963746056914115,2.7432813400376507e-05
-7.656715952083454,0.00532908649049513,0.05880803714252014,0.005443593762068105
-7.654765769549035,0.0035033353122383764,0.09753622162702337,0.008459411733852569
-7.652895928067757,0.005084517719406692,0.12980337693867836,0.006041816798768751
-7.648821581058755,0.010083188953615128,0.08420416194184943,0.005189027431748841
-7.645724664056276,0.012726356571638474,0.11793329939916355,0.009415964169032483
-7.635710956812306,0.007352474914439122,0.10708327828532216,0.0067886430912743765
-7.634785003673371,0.011216289747729922,0.11137456654738453,0.009122611773994637
-7.632888129369031,0.012775724209097469,0.1204587142102286,0.009390719047756894
-7.629690955919932,0.017622010617019405,0.0926117834750168,0.00845135787435044
-7.626007037510947,0.016060497629880367,0.08530303309939556,0.008228808615730759
-7.6223121001407925,0.006570847326049747,0.08742181920324926,0.004622511448467051
-7.619886979848203,0.0060709120891686685,0.06454812374112101,0.004505925870113602
-7.6022403861966446,0.019609808748410264,0.08193119544185122,0.006142064026782036
-7.601881391795484,0.020184937755560704,0.0807445023777513,0.008452046303911503
-7.595764125129047,0.015357967912006505,0.09093436104492252,0.0060739733033185715
-7.588128795256546,0.018498709412245077,0.10248830405364216,0.0100726089185218
-7.5845833739808395,0.015564261905149817,0.10087295779009899,0.007306409828205969
-7.578675069619337,0.018029778524680948,0.0980835119664181,0.006263617397222419
-7.558202518970089,0.007116754760937855,0.19238980741780615,0.0015343952524637578
-7.549452055436635,0.011657207814725143,0.14732624204279546,0.005652981950354216
-7.544601346880227,0.01796733785626632,0.07635612185910523,0.01073329448625934
-7.532717339777596,0.015927083547838228,0.1143882869575841,0.01023122685253618
-7.519693552897428,0.007150019209559299,0.13083104555881753,0.013212686857872078
-7.516728500007068,0.010691185224713852,0.11692226446799503,0.009467579263471249
-7.505483950636012,0.007669354654743587,0.1689155956326172,0.0032873731961469773
-7.502587329633482,0.01007747506800686,0.11267412795093829,0.010423620481031626
-7.4976759846950065,0.0011581355432384597,0.07026275819070733,0.02285493391649812
-7.4953216392061535,0.0012554642478256586,0.0918235740664503,0.022605584821848677
-7.489711277968786,-0.0013282724748752953,0.1475484911779422,0.021413952666540132
-7.4816685140320915,-0.0004703931846250199,0.07542779177834648,0.021248513044243085
-7.47562701962296,0.0014837962276447168,0.06460220158513597,0.01981242255371216
-7.4731100617395345,-0.00020108237532833622,0.07680005587017677,0.020913268148772007
-7.462942632892549,-0.0016495454767748658,0.09136660041901346,0.015349295149293436
-7.446060107079901,2.591123388392205e-05,0.07735150227302874,0.01876524849241094
-7.419242757985214,0.001417171886761866,0.14248446336101528,0.005738797828613838
-7.415826475505734,0.0008836794485471684,0.1392113498541338,0.009141196944755186
-7.400747718202242,1.1304224838556817e-05,0.1427082268885526,0.004931560011412392
-7.382860992559252,-0.003664465689708103,0.11815967114162909,0.006098905098577587
-7.378274171268583,-0.0008519867231843598,0.15962064774864615,0.004778483467575156
-7.3613189573822915,-0.00015706014420015894,0.08740459129879295,0.009738538214857335
-7.35839559497929,-0.001313578017446276,0.2291049351683572,-0.007798079487716865
-7.3543942678493694,0.00032419210850996886,0.1608112355952224,-0.0003392887541456063
-7.3510342509947355,0.00043824823754168296,0.09562212720773902,0.009909062612362081
-7.346826518855313,-0.0005567311330083641,0.11044848109914938,0.002941743784520016
-7.341604526655613,0.0021441703312699255,0.07735819079333393,0.0056773328531802975
-7.3392038910850275,-0.0009956014678264495,0.14620236604624953,0.00016823827423754483
-7.334277788738957,0.0024105194053164114,0.13337398469060205,-0.002891585332752598
-7.33204113891395,0.0017072684543116225,0.144463570329521,-0.0007119295113699214
-7.330403605936761,-6.647010947746219e-05,0.12513697712098412,0.006016461757550109
-7.325843406906756,0.0021566457807289836,0.11669136661291582,0.0024128746644707637
-7.325553021998461,0.002529992127994317,0.12529185966377365,0.003165498823156502
-7.320986491049295,0.0019934722277775907,0.10353772197226274,0.005079108460324687
-7.315136614536995,0.0005742163754742831,0.11497364205904885,0.011145793781728577
-7.312445341662286,0.0014267020704543285,0.07915623367366542,0.010968907513011517
-7.305553648996247,0.001142182370625144,0.11976015568317314,-0.00011148951774989938
-7.296744243789484,-0.0005636419514805624,0.12709256597087268,0.006725376150198105
-7.29608731455911,-0.0010512648830264953,0.18767813810204337,-0.0028881750146629117
-7.282146238842341,-0.000280777408327123,0.11758450274070995,0.0030476449051871396
-7.280759635315893,0.0018299835762074549,0.18456149121216364,-0.005842027915626701
-7.276135823455756,-0.0008365222397790252,0.19025653456874808,-0.006480185786748645
-7.274696742082744,-0.0007869753822721863,0.1549431207286571,-0.006425592811426995
-7.267012861053766,0.0033989684657071127,0.12936411458151176,0.001841969142250718
-7.262245789026349,-0.0023258184441879875,0.13313160010062144,-0.003194503556007666
-7.259522555517131,-0.006412303958240775,0.12534460088877777,-0.012023112736283424
-7.250784222226487,-0.005110425998958358,0.1024075394862547,-0.008103265238847331
-7.2499897114073155,-0.006725120777990983,0.13758463804558627,-0.011296288960265029
-7.247664325367622,0.004623493273252067,0.07576534866492954,0.009577413048593728
-7.238570833000835,-0.007623181015911243,0.13081738729453438,-0.00933603769683792
-7.2337185527093055,-0.008528883310885365,0.13235508319783076,-0.011129788750808561
-7.227955087018708,0.005712295270654102,0.07480704309297417,0.00433708900246299
-7.223853083667797,0.0004333647442898971,0.058345997814499874,0.009963640031436554
-7.21397446997971,-0.0005490931428632035,0.09676693307968799,0.004174573800185487
-7.207145348385477,0.0009341024374471879,0.12876501390541814,-0.0030123873538402545
-7.190323691112303,-0.0009133094139358672,0.23024113338124827,-0.009191796004705571
-7.1736184551822735,-0.009788844946784635,0.20103742859089993,-0.01600436809409928
-7.169473709797227,-0.006924685559003021,0.1827060176020589,-0.013275034617078905
-7.157554630052847,-0.009573417721644342,0.1641626903254277,-0.012899871047454386
-7.15564797671445,-7.360959053913932e-05,0.25350483437599647,-0.012484225921415917
-7.144645998031585,-0.003787466080039937,0.2238192201820462,-0.012999698266971517
-7.142602853248322,-0.007625705740104087,0.20968059014065887,-0.015398110192962127
-7.109145519688889,-0.01843872271729947,0.17253442411591838,-0.036281562507552254
-7.104108912076244,-0.016056939523624775,0.17464769687349663,-0.03852596221536886
-7.098357838243128,-0.0013416082900857224,0.13454104223163776,-0.03487638012797456
-7.093492613002809,-0.012891104001305921,0.15261144333105955,-0.03939832309756498
-7.091564887975265,-0.003841215938911667,0.12014325596981343,-0.03639806208627572
-7.088066121725842,-0.006253138607447236,0.130368224923235,-0.037443447695262415
-7.085186234128367,-0.006076050168168682,0.1279678770822644,-0.0377766226497185
-7.08112624638097,0.0045245430047991236,0.1120963931759913,-0.0354012436338405
-7.060440204158533,-0.006172140026085665,0.23938687838128572,-0.01909740398493171
-7.051911138222416,-0.004898417253168986,0.21869402662372195,-0.017701560307488616
-7.038055775107137,-0.008785950181772455,0.09713792480990104,-0.0031184188000703485
-7.032369832773927,-0.01067133960283659,0.13202099916907475,-0.010909980668134443
-7.0289394283282975,-0.012022904121458917,0.18514855654113638,-0.018548044284280585
-7.018364977498906,-0.01232066256067833,0.19342475235763001,-0.023757240922056055
-7.012117630263533,-0.01832441832107961,0.1623167229698422,-0.025764493582598205
-7.007818883547014,-0.01805371530267031,0.15996648739558222,-0.021136617005206897
-6.999972733307513,-0.007967538739042032,0.10145404835979276,-0.004895197749871849
-6.987602833540042,-0.013053897330232376,0.15577907688870773,-0.01995447021511084
-6.97299670192786,-0.008446659723668315,0.16454931292569552,-0.020813759068460544
-6.971533894310626,-0.009333790106530113,0.14645465049605233,-0.019381697624173928
-6.964866588897028,-0.007860083526158145,0.12689356021348455,-0.028393616555354967
-6.960401806480837,-0.00848103530644734,0.1286299122402108,-0.020566052516672866
-6.957828377853747,-0.008186176439514827,0.10576284144810552,-0.022307731787436193
-6.954024639173386,-0.005085221724333608,0.08445208927384053,-0.006048549741768699
-6.951480203265103,-0.00652941978466377,0.10359980117569774,-0.013628401653233507
-6.944504653809055,-0.03246604439315613,0.19217141909781202,-0.0401403027981215
-6.938519232751003,-0.006593474161264111,0.12423062402096562,-0.018498434196971864
-6.926076193355861,-0.0024236125388538243,0.08100252026502756,0.0006765715744671249
-6.9242728175728745,-0.005454744927837485,0.10058847689641329,-0.006337326712439219
-6.915212193130138,-0.013525927148289527,0.12965502519180508,-0.016055252336293627
-6.911946444205975,-0.012681573035645573,0.13169696374446213,-0.017979607697318836
-6.908669116987608,-0.009346308244713376,0.15544588973227821,-0.027072696192107608
-6.905546741495333,-0.004937828421154591,0.09038426881648932,-0.003563693678642064
-6.899240209771988,-0.005099860075780329,0.12894921448310853,-0.00658971488456206
-6.889548945666044,-0.0264592706483089,0.16038372798824715,-0.03111334359715113
-6.881076473087123,-0.006444252265644499,0.07126627753123613,-0.0010752109181905887
-6.862512409042612,-0.005495955139191257,0.062047213269820246,0.002201952083051534
-6.8530430534229225,-0.010136480801130275,0.07590543534663487,-0.0018856924684714795
-6.850358344376649,-0.023910311212545318,0.14120528042410604,-0.029024101616728054
-6.838594096715567,-0.013670754990805525,0.1665424267079579,-0.03323972397561817
-6.8361673775825675,-0.008747158223715235,0.07826093928986028,-0.003377960336422966
-6.832858782072282,-0.025334213899691687,0.1560852184385677,-0.03518466734870603
-6.824317057081604,-0.021640606011585656,0.14841748637811217,-0.03233642549452386
-6.776162809515491,-0.005246604548395995,0.08053718513868022,-0.030801679334221375
-6.770138088511283,-0.011897464059519598,0.11510926238328786,-0.029136111286893952
-6.769558394123052,-0.01037381676485067,0.10454404958522256,-0.024167800221615066
-6.767335406901952,-0.006682209279781973,0.08827878257994348,-0.023260193152875072
-6.75808673466984,-0.01901168076930116,0.13239341436439367,-0.025825911407852196
-6.754691673511024,-0.010230768175725713,0.10172504082422593,-0.02289431949853657
-6.74799993996378,-0.022562861024784955,0.14402152910561403,-0.025724646954145496
-6.746658052746092,-0.016426467366257236,0.1259885360166963,-0.02246643460100609
-6.745550549898435,-0.022117887267491487,0.15713192886806227,-0.02170097780392188
-6.73780836014071,-0.00794135095604633,0.11812029837180887,-0.020130832814303806
-6.725596874909032,-0.019161633898872585,0.1366287048702183,-0.0359416455384889
-6.722998265482008,-0.01613879890298954,0.12945273376094044,-0.021311743847069114
-6.71951593772921,-0.01811423737601731,0.13711999332655103,-0.026011190005956624
-6.712127071874852,-0.011183138029466983,0.11723899616621783,-0.01770232299628365
-6.703936877515313,-0.007797461180319918,0.10601634167463946,-0.014795967182655278
-6.698732323382408,-0.012508823848613619,0.12140032749922976,-0.020859826205727437
-6.69502976309985,-0.01178458807606597,0.1282296427869014,-0.018504135525436588
-6.6875424034737545,-0.01291231116531798,0.11799804105455142,-0.024586185493442887
-6.682578326812406,-0.01752666206376769,0.1361750817060786,-0.02742690785519603
-6.678806270550538,-0.03252292571762852,0.1854537598857573,-0.032958219072453665
-6.674722010422713,-0.017705550393242547,0.14963211907072532,-0.022179710336750865
-6.672063720628557,-0.031164785816051355,0.18011124487678887,-0.03116480948688282
-6.6689040854072195,-0.028456387752223675,0.16989661152773938,-0.032190889613237336
-6.657212696883267,-0.018466478244073038,0.1464305840224379,-0.02462851942173739
-6.655372483101506,-0.01868571268064161,0.14729422388747584,-0.02489808679698314
-6.65110252124272,-0.006128287705366472,0.11608325034737857,-0.017045304961636663
-6.646600340946785,-0.009563994210541299,0.13690339748470925,-0.022343789772612185
-6.640464386747627,-0.00806351997099498,0.12680966853312559,-0.021281312175235823
-6.636062835640564,-0.007774592520551206,0.12422695055226163,-0.01657055293893083
-6.634874353628592,-0.012379075844957885,0.1238753902261134,-0.02546866365221623
-6.618938350939504,-0.005293523011245656,0.12474126001541805,-0.017517362162003423
-6.610744625388181,-0.006086245952399102,0.12765657864756627,-0.01869054364046194
-6.610326325940889,-0.0047171763050843805,0.11156423085562706,-0.014672884151491317
-6.603782086814489,-0.0058585888581358355,0.12873231982603736,-0.018383434955742625
-6.601461811075981,-0.010724481830414363,0.11702538155279489,-0.027780437328552423
-6.595335954880175,-0.006613622855765539,0.11126398016516273,-0.015627939995860776
-6.594321331198433,-0.005181166644492736,0.10494085058419009,-0.016221156813386896
-6.579397974173431,-0.011766807327339389,0.12585042547777844,-0.02013904361552411
-6.574530385924287,-0.006913391174228464,0.11867167881686372,-0.01535401381883645
-6.56573291847537,-0.010289976496363517,0.12254785507901224,-0.02074317139893021
-6.5565459035862075,-0.009873332727320236,0.11628552789969519,-0.022429502401919117
-6.545573796788476,-0.010096740386586261,0.1238586117729189,-0.020456779365090536
-6.541062558130869,-0.006413122610223562,0.11069711896225491,-0.0186443128981507
-6.539498823573199,-0.006345202881919056,0.11455089590599649,-0.020005596341829242
-6.532196610079483,-0.011735756373343677,0.13346858950368623,-0.01983475190832993
-6.530618211195198,-0.011572423117745385,0.13219126906024498,-0.017183468464307256
-6.528443619606849,-0.008975549704211022,0.12561734238965125,-0.018871481360456622
-6.523221572777062,-0.0068419186668699184,0.12083492376880202,-0.016072006882794365
-6.511423966820732,-0.009815482362811165,0.12063703779662338,-0.020219224725646436
-6.510362166050957,-0.009834711164857311,0.11948350977062658,-0.020683652599602396
-6.5011637545104435,-0.009233540015217243,0.12468009738075363,-0.01891260918668129
-6.4908968776319345,-0.006798714818909393,0.13106536950921277,-0.015998739615337373
-6.469023818573844,-0.008305388270033078,0.1369493524465788,-0.016309264030572333
-6.464947040147086,-0.008163468827346027,0.13040880874038946,-0.016251623012048726
-6.459286238335064,-0.008641944591765432,0.137916663420945,-0.015035197205260918
-6.455554933020722,-0.00713295550654306,0.12459952162985251,-0.014428250287634394
-6.453242706480057,-0.008134365608809606,0.13847980685666475,-0.015321089910960702
-6.442931653976076,-0.006497340029837989,0.13629252703054628,-0.015566916538657643
-6.436952971149843,-0.006136015708170135,0.12343384271531979,-0.01573271694116806
-6.432225542861854,-0.008150751602580145,0.12841775066295844,-0.020639594696228475
-6.431155130508332,-0.010071091521919835,0.1278770022984866,-0.020244128001182454
-6.420857437405355,-0.00786871597438914,0.15546254432547305,-0.016520561612550413
-6.415372427386615,-0.006877606315478513,0.1200056856946181,-0.017399651171363738
-6.402203792030959,-0.00909529566832399,0.1391468783737453,-0.018400135432889802
-6.397379379427509,-0.00960865740772644,0.1354590838469297,-0.019749427834254166
-6.391353438000202,-0.010013988513991693,0.12267480268681427,-0.02072936084561651
-6.388051703278567,-0.009193701441637078,0.1345732178795543,-0.017506850856389203
-6.383003299456156,-0.007434596953703359,0.12793101383248356,-0.016178816255723646
-6.380138174592405,-0.00908320788995241,0.11830350709460095,-0.018722446273710946
-6.364548491012272,-0.0076651318912873455,0.12199483795739609,-0.017461558747065186
-6.354352498459377,-0.015002333144817968,0.13123405498450014,-0.018378393879554714
-6.351284893059032,-0.010086209118663729,0.11821352823416079,-0.018862410162889393
-6.337629563713969,-0.008766187676667474,0.11477386796195477,-0.017911693444867958
-6.330932748614638,-0.008593780468865704,0.10232950944542596,-0.02216978914801886
-6.325890356873075,-0.0022221174366307203,0.07811136795561428,-0.015405179036649496
-6.318910402831147,-0.003570101511734721,0.07749932418088715,-0.019271571893722722
-6.311518314049059,-0.0020034346984018746,0.06683092018920368,-0.018389802271980782
-6.3018803944667185,-0.008224215648305954,0.11055287772781537,-0.016897888788285426
-6.295186414006288,-0.009057589662290574,0.11182774164709106,-0.018944894716848956
-6.2896558859504825,-0.00706169034684801,0.11098115740237194,-0.016874033268952024
-6.281467581167842,-0.008769702662200953,0.11126268357320893,-0.02237815819484747
-6.273307403078562,-0.007518401459810059,0.11170030277526895,-0.02092095725043397
-6.265012597982422,-0.012589107045550123,0.12050088397802712,-0.024031107009728894
-6.262206495943159,-0.010470564705615035,0.11685587665300456,-0.020145279351144258
-6.261075875006327,-0.010221821742460353,0.11905219799733337,-0.021961562961885474
-6.255066168238318,-0.006970854502933012,0.08330343222530087,-0.025051136230411337
-6.253598340887675,-0.006288213284654022,0.09243543260103772,-0.020857460422292567
-6.247263534436349,-0.00753446754877993,0.09551172105527872,-0.023519952515116342
-6.241272497421344,-0.010792045620638976,0.11018664021874464,-0.028878713628832806
-6.226995078667185,-0.005588233367193753,0.07769276782776258,-0.02575577469707066
-6.226006643752861,-0.010229718695473464,0.1070114527886097,-0.024812734429416252
-6.2205028581132495,-0.008177264066575273,0.09517589632449035,-0.02407415003247157
-6.213160216738981,-0.00898362308235126,0.09475083448305056,-0.025553352537265556
-6.2071390551643555,-0.00907220488921872,0.09671609445326432,-0.024220996548568987
-6.204213643692886,-0.007809925026577006,0.10242234734753222,-0.019870500166883284
-6.200349689765556,-0.007467884342642338,0.1060894981007629,-0.017676819274267647
-6.191793837411874,-0.007901895889418094,0.10308813092716833,-0.021875704408045017
-6.1867887825601615,-0.0074321336710775334,0.09953382683116033,-0.021596668718571452
-6.185767586711473,-0.006010226493247882,0.10299710403346579,-0.01779378622757002
-6.183203654432332,-0.007292664080912568,0.09713967451871769,-0.02073916575554379
-6.177906753884073,-0.00667242784127143,0.09926473866500797,-0.017782933857042757
-6.17419286615669,-0.007572078531175124,0.0971565100052182,-0.018340419678186257
-6.164239432500039,-0.009630548445008552,0.09863452044217307,-0.020985235159895043
-6.146252069861927,-0.013043293993565453,0.1287453748385025,-0.01706844920145584
-6.136692704675411,-0.013898877621071398,0.1254496812186815,-0.019895377568361416
-6.135344199585401,-0.01339894569086111,0.12056274899013868,-0.021581665956611856
-6.1304686103164325,-0.010568324935016455,0.1214953801112947,-0.015951266368426996
-6.12983820602434,-0.010992934925456738,0.11706098686254418,-0.018520897145644855
-6.118329824008,-0.016413602777684576,0.11450552316031438,-0.031117429016233447
-6.117859564339217,-0.0158679073647208,0.12567406609567952,-0.023574304205906758
-6.115261827854112,-0.02335907046789106,0.1446891191637275,-0.030976000538528874
-6.111525350721645,-0.009819756653362124,0.10486844335238324,-0.02446900261446718
-6.109413998101756,-0.0146001737395192,0.11828205425331972,-0.025575878110372385
-6.106002927148468,-0.0215246406333351,0.1412576198588932,-0.028059792249205743
-6.105048706132859,-0.011668784895769073,0.11541006602441661,-0.02080038588174563
-6.094605055732748,-0.01760348183124802,0.1400341164391885,-0.02141613125698062
-6.085682775651751,-0.01599498375932235,0.13971672546095606,-0.020991192531596526
-6.081999384038409,-0.010699859888977462,0.11544471722700295,-0.02231421846130706
-6.079881834383514,-0.013520451584491595,0.1256870418319034,-0.021987898717986978
-6.07125270988537,-0.01717011824672715,0.14352055355075832,-0.020910190608109308
-6.068317133318895,-0.013848480484993894,0.13064777849906245,-0.018449114815120207
-6.067084278406689,-0.011359751786138026,0.11970299575364582,-0.019792660576772085
-6.06239983178294,-0.013521990320135346,0.12506311667780848,-0.01959277484796206
-6.055818203397715,-0.014281185878167464,0.1247310287772149,-0.022305628529101666
-6.05243167559411,-0.01725858570148288,0.13114496733949876,-0.025019964144776672
-6.04472682271087,-0.011736103410160922,0.1242684816072338,-0.020572189250031563
-6.039459118540855,-0.011823861010959233,0.12472813440606483,-0.019338591070553524
-6.035743121254903,-0.010780533876365317,0.12099007361152182,-0.016283781889905022
-6.033094245062224,-0.01346712399218319,0.12471850108118604,-0.022052494647034456
-6.026334934241178,-0.013950594342570203,0.12156815185833765,-0.022529204893482768
-6.016209446222134,-0.01353416606314505,0.12345628411592964,-0.02063319434145927
-6.011974103659894,-0.01300000880542527,0.12136292203385032,-0.021442919294567687
-5.994048037372675,-0.017543567637272345,0.13213719190903944,-0.0265390049931588
-5.989217861346152,-0.011665851493144627,0.12099782808752838,-0.02055872081199397
-5.9799040878232335,-0.011677612120913417,0.10666109289371423,-0.01804752606612478
-5.976797998628527,-0.0090058017004334,0.11187339331841756,-0.01566746374863106
-5.968556576724611,-0.012573321919118577,0.1135073959136028,-0.01960253948465417
-5.9665507096307815,-0.012703749961803953,0.11097951020399606,-0.019973964280744043
-5.964859941812445,-0.0099804683872805,0.11199340955677374,-0.017531304130768834
-5.958829749217515,-0.011181833142210341,0.10806356594801823,-0.017859983693244236
-5.956407471114147,-0.009238235016871849,0.11377494210587004,-0.016577502610726547
-5.947424886790419,-0.033141156344228234,0.16106910948020386,-0.034073160410916084
-5.942674160303295,-0.0087009453941106,0.11374491949493601,-0.02019044245653585
-5.935919096841503,-0.011958717323776614,0.12037075233379356,-0.02211346528186214
-5.9273923387842,-0.009461076271103692,0.11578399657898437,-0.02102444989525052
-5.904869331745558,-0.010846100302545318,0.12248252825877737,-0.017712573571641792
-5.902971490490012,-0.01170334670196302,0.1226489704248475,-0.02041041860033453
-5.898257329555154,-0.012741819183371104,0.12605834630803853,-0.01841675293616137
-5.893593481256503,-0.011224990490554818,0.12621861165349235,-0.01835404073706058
-5.892964110379645,-0.014922959874324421,0.12736299517704086,-0.01957323376609829
-5.88465124951545,-0.006455754431388401,0.12116291763288835,-0.009607231198826833
-5.87650448002663,-0.013734769666886781,0.12556062158870487,-0.015684322322776532
-5.874802980452125,-0.008015559286353363,0.12025650930753903,-0.013010439928580643
-5.870219693476551,-0.011560798645530924,0.1201270649499838,-0.014097955322230382
-5.861809295316984,-0.010188708035644598,0.11962345350852546,-0.013966741514756739
-5.861624782814781,-0.006021484609948763,0.11513591623464778,-0.01064170870972059
-5.861212075350352,-0.009794810217619559,0.11361205638721009,-0.013321572734300501
-5.853771736597521,-0.010216045714069885,0.12080633632194415,-0.012832386997375237
-5.84952131122422,-0.010762850922020154,0.12257439847308976,-0.012393411484721482
-5.8463185749522335,-0.011568026293337653,0.12095660038159797,-0.015473892108109743
-5.842659115178986,-0.00864023937898654,0.12031992819084149,-0.013890697313456024
-5.839561823222144,-0.010633027924496804,0.12245366255618494,-0.013745805565400794
-5.8282874205440836,-0.018804598478480608,0.1353116276002405,-0.022545949287120233
-5.822842464820544,-0.02135828866791981,0.14305275537573467,-0.022635011747739985
-5.820457982627198,-0.017908181571897264,0.1317015547513264,-0.021422737242313205
-5.815263538678461,-0.017644933274795754,0.13859583012134083,-0.020507667931298917
-5.813299256936195,-0.016232706500334957,0.12951592477988016,-0.022018042790544638
-5.807184534722172,-0.017900979620406213,0.1343920670228093,-0.02257612314489874
-5.798583200052467,-0.009601084504039667,0.11971041827805111,-0.015019145870853725
-5.791159360084705,-0.007680760990786524,0.11733740345117336,-0.014167159672026178
-5.788623296351748,-0.005883604968538327,0.1174451726800243,-0.010535592467859359
-5.786299208060526,-0.008885955427769685,0.1194901185291229,-0.015906753237160058
-5.784951471892559,-0.00811439489089373,0.11261384434695919,-0.01220576480176298
-5.778620671333425,-0.017040746042166186,0.12935712847483047,-0.018612573442379064
-5.767077452519515,-0.010409813219660667,0.11960474207854421,-0.0151626536824343
-5.765433124153382,-0.009152650376899423,0.12163756541782547,-0.012530204381311647
-5.751177999847705,-0.013667412125938045,0.12222324260890753,-0.016168203117343353
-5.744110709804773,-0.012917496022670708,0.12004960273736276,-0.01510898072340584
-5.737410154072815,-0.010901328366288677,0.12059547907829538,-0.01471700170178629
-5.735140140608401,-0.005622227363173744,0.10383322615462301,-0.01583150667765229
-5.732152886949529,-0.011392855844952603,0.11872414691767394,-0.017980678571248604
-5.72782145336817,-0.008770791432418617,0.10766919804573744,-0.019651435395881555
-5.7231243599013535,-0.010195937472608357,0.11414021236802316,-0.016367139771973797
-5.72246632772057,-0.008713500137676501,0.10876854471598243,-0.015958840494733173
-5.715963368614477,-0.018104879231977757,0.12158985169981758,-0.016909251051673145
-5.707960568455979,-0.010528770997668977,0.11982074166236568,-0.02005819488271725
-5.689577404869138,-0.008084084529535435,0.10908802495140223,-0.014901085123301667
-5.683939706627371,-0.00771679535048711,0.10925478300201155,-0.01648129129597572
-5.678832993236292,-0.005698690972070796,0.10530252292384731,-0.016175525305403095
-5.669502363043408,-0.003792543968759,0.11507365284999375,-0.007349795212786032
-5.666799157118608,-0.006407113999222192,0.10669808364288569,-0.016864097061607564
-5.661437749050823,-0.006566516012425992,0.10985401644527777,-0.011673288115415823
-5.65522988935135,-0.003924133187831739,0.10529460523669731,-0.007489798870222684
-5.652021104033105,-0.0029070084433148215,0.10362455489698821,-0.007074142393247567
-5.651034419554908,-0.005748044924805942,0.10757483964873231,-0.01567947246300652
-5.6388364407528675,-0.00596396191148244,0.10913797833392082,-0.013617030515763942
-5.633487804216357,-0.009836768377011388,0.11015576831152711,-0.015486576348268008
-5.629618109802861,-0.017638057601218605,0.1298834055388092,-0.02082381047095711
-5.626225689875032,-0.005686381976926216,0.10240532284847338,-0.017075145331260363
-5.621557768029288,-0.010132909199477161,0.1096354641237,-0.016853878592076973
-5.6137206318649895,-0.00884920848003085,0.11144816611204805,-0.017378296943254528
-5.607392256229148,-0.011633289046527086,0.11102982409797546,-0.016399583340532622
-5.5997419879405,-0.01251576698597801,0.11103048418255061,-0.018521605869553644
-5.595007877825246,-0.006640615088327967,0.10600187540422303,-0.010076740153735685
-5.591466384779736,-0.0074468752929714105,0.10451857912152826,-0.010526127983125775
-5.588633724217012,-0.013184739853088705,0.1116244698052786,-0.011791088809426602
-5.58748995402661,-0.004919025568107889,0.1058989310193842,-0.01047291729547738
-5.578265183836287,-0.010026446880147344,0.1085045784004775,-0.010189354202714329
-5.567408653472262,-0.008914838310792872,0.10573933646450821,-0.011236886212549846
-5.565988899726595,-0.00962304032424025,0.10795804182823449,-0.010033831815995894
-5.5510461314621296,-0.014584579355908591,0.11464500838212958,-0.012611285426140364
-5.545148848240439,-0.00815334497087358,0.10494908412789883,-0.008129830170533137
-5.531424166770923,-0.005768713244306774,0.10119307050232336,-0.006962590194586974
-5.522448613962318,-0.0025716181877084286,0.10538224757565959,-0.004708322919580329
-5.513460556270214,-0.0027273919279168107,0.10552311770790399,-0.0051788657392117035
-5.509728074830095,-0.00247980895785686,0.10209061475530912,-0.005329433158686803
-5.505266102579625,-0.002982064526477048,0.0946713525646946,-0.005317788575141562
-5.493359029550933,-0.00713002527320248,0.10463486829834957,-0.007920925642470149
-5.487420820115758,-0.008185544909345185,0.10545022970970251,-0.007925358454890969
-5.480773067275678,-0.012112003992799549,0.1094430706462298,-0.014463783826402841
-5.478620235287724,-0.006346433627768395,0.10122390174342487,-0.014201415279543968
-5.468255555991768,-0.005484367603588859,0.10045169507315045,-0.011057404727518656
-5.464207362340786,-0.009151935565459136,0.1066905695741295,-0.012724836714305509
-5.460164673795166,-0.0067773593183086,0.1017156827994392,-0.014034792522379946
-5.455346740535444,-0.026246309557175787,0.13104152307858732,-0.017798078455367673
-5.449072516244287,-0.021388638288312622,0.13338709089564907,-0.01630842114716372
-5.442480481062811,-0.01711717035158833,0.12005800478210678,-0.014501256386591934
-5.437843846722056,-0.015991393754170045,0.1186180562338261,-0.013748066077891176
-5.430838966450636,-0.014035248286551975,0.11267531708874226,-0.013431139951781064
-5.427995492835291,-0.018516386196713204,0.12074461001158095,-0.01311910557889773
-5.42608012364318,-0.020632690227757138,0.12424522022025394,-0.01491810003442444
-5.421035626477243,-0.016636247991251144,0.12004624886596856,-0.01279075289574191
-5.411262675766353,-0.02566069699761856,0.14123927450534668,-0.016377712539866394
-5.402677649918508,-0.004459447500813072,0.10092005838087327,-0.00912291863717276
-5.39819464682624,-0.009828667006012561,0.11157431453969081,-0.011896104563672173
-5.394690123215695,-0.010900903566331532,0.11396426275255883,-0.013605202311002396
-5.3811147071122685,-0.00971106564790312,0.10443271559237975,-0.013504379507509115
-5.375938627314051,-0.00930864260838934,0.10409233539382645,-0.012773853452874706
-5.372560935863513,-0.012253857588845625,0.1123622402733037,-0.013450718634407336
-5.362152310873302,-0.01215669935184465,0.11488112563289418,-0.012388258738445707
-5.358630612810633,-0.012635752203614488,0.11610265475947874,-0.0165811582400433
-5.357102143909192,-0.00982972530750118,0.1093671651202749,-0.012205219440859975
-5.348879461939925,-0.011453508962144063,0.11446199027007012,-0.012996250609280273
-5.343710136562656,-0.009299539635608634,0.11128792217337015,-0.012194901894849657
-5.327825625778208,-0.005200683046223412,0.11581316948695405,-0.006771750767095549
-5.284799215593028,-0.015543745674865649,0.1303178132693425,-0.020413547819738483
-5.281401200349454,-0.016027752432147005,0.13132485048618708,-0.01850777441900545
-5.271885100241688,-0.016093093117992705,0.13096504338263917,-0.020135997519876946
-5.268261644319206,-0.016599118847516473,0.13084800694812654,-0.017135253548634058
-5.25055680752572,-0.0027016935990455864,0.08632403508921906,-0.005777986377327795
-5.247718418261465,-0.0021010381042289973,0.0838779650079578,-0.005293452417152813
-5.240532155127106,-0.002512613001555572,0.08648233652132198,-0.005307616433802743
-5.236242891972477,-0.002483047848434356,0.09169807103924396,-0.006523907661856531
-5.228582035521688,-0.006056925460779845,0.08379085092326047,-0.006060086749245224
-5.219102941798102,-0.0020034363245566944,0.0826424507552541,-0.003681340814283731
-5.21336678525905,-0.015493113002210833,0.08575557032845628,-0.011945824034304268
-5.199683518326092,-0.02078972810959061,0.08790990858521619,-0.014729471485224927
-5.187571515941501,-0.021495304634354416,0.09012629922192329,-0.01519160025388251
-5.170884581750382,-0.013204451985476099,0.09533199641947518,-0.011181795599598848
-5.15954942453294,-0.011763897720212286,0.10382232288585909,-0.012757519511436922
-5.133521025877566,-0.0040595461246701586,0.09149768026663846,-0.005165032093397265
-5.122570425372268,-0.004424734635196681,0.09179392868339921,-0.00533290860509143
-5.110458602595864,-0.0044186240143052535,0.09078483051666025,-0.005324004249869702
-5.065982152137217,-0.005845322918388502,0.10631776578252217,-0.0063542609166266145
-5.060154979729439,-0.005895655470673201,0.1081658410776254,-0.006410056916110555
-5.047052408966211,-0.0058220868769499915,0.10247719040462949,-0.007338144178169887
-5.040868493283285,-0.00601898826518961,0.10931394715356747,-0.006382508068998699
-5.028360525179694,-0.005857469843584285,0.10916298115701703,-0.0064474582231857
-5.021678299880137,-0.005682026806406795,0.10953930726821193,-0.006605503619899617
-5.006576727273059,-0.005485269591240033,0.11000479043841913,-0.00643860441597896
-4.998884044757888,-0.005994888931425684,0.11251679001664723,-0.006518558105393033
-4.93491916271064,-0.0142194228422079,-0.03795469809106345,-0.00046492310471665506
-4.912636588858381,-0.003956851866559008,0.1274838400444074,-0.005528699714647469
-4.895349192952057,-0.008810769126702778,0.0659840526834943,-0.0028810315329652622
-4.887330062166526,-0.006968322197079471,0.09155549927558343,-0.0038721927319815518
-4.879625606901665,-0.004742320553397325,0.11116677235877478,-0.0048680185923971634
-4.875453071462761,-0.006904694087332684,0.08384474619946555,-0.0036643362426301796
-4.865756001162266,-0.008871209732310118,0.053986161154230015,-0.0022895270032642786
-4.849778142106686,-0.0038406875800034083,0.1250284112456319,-0.005342717293655885
-4.7995092925870075,-0.004715528175806081,0.055379184170671655,-0.002355965725123353
-4.788788630585124,-0.004912989860776508,0.05253569887552622,-0.001993332636671603
-4.773494236605509,-0.004672369292866774,0.052561310862171404,-0.0020222375089811884
-4.761469347837857,-0.004231579588601775,0.05514487097330258,-0.001745250454980052
-4.757672032290877,-0.000443431215648966,0.07325721105142184,-0.0009850578977305055
-4.7487275292067235,-0.0016938063804009264,0.06617522179496241,-0.0012112273757040508
-4.742014533784236,-0.004683839981289434,0.052952165230594546,-0.0019995978648821404
-4.734253529531087,-0.0017175635140877325,0.06443725796043016,-0.0012906901764281277
-4.719468356348915,-0.001167107310317492,0.05860827002325821,-0.001276208362019661
-4.7149411048824295,-9.176343486412931e-05,0.07682872176597244,-0.0012056813344080656
-4.71342532120594,-0.0009003915905745173,0.07428031697599971,-0.0015233622324971026
-4.698884680721154,-0.00038592179765242204,0.06229486069370588,-0.0013257103692469942
-4.692412389107656,-0.00015777350983984284,0.06551985335762343,-0.0013698059250056769
-4.68853289756023,-0.00020336919388089602,0.08755221888926687,-0.0019070388970447612
-4.675920502622977,-0.0006792210181251233,0.059600420960592815,-0.0013905723950026667
-4.669854850152776,-0.00036900201840114254,0.047119346970106515,-0.0010898534791495852
-4.650913793335707,-0.0004661206453064045,0.06380775491340458,-0.0012814121874859417
-4.638639175754518,-0.0002217380623323999,0.08256616483750412,-0.0016721942219530149
-4.631020342416386,-1.0698720324914487e-05,0.08119245418839942,-0.001562787298120767
-4.618509598972777,-9.718896798283132e-05,0.08744339456831327,-0.0018240444383071858
-4.568145832920615,-0.012865650129955166,0.11647552203557274,-0.008380411836776064
-4.5646595015518105,-0.013230780140450841,0.11852814460673865,-0.008873531812658444
-4.541595381189158,-0.013297067070759921,0.11858475149841366,-0.008767605918851727
-4.54079188090135,-0.013214154820418697,0.11984103761404678,-0.00893752577585143
-4.534133553229072,-0.012117940563357776,0.11567608217954259,-0.008234983830690127
-4.530003942800569,-0.011510867663414569,0.11429441105553179,-0.007886512320894356
-4.511496481493281,-0.012741198667111223,0.11802779486572156,-0.008584774892986088
-4.505528306599966,-0.012124558087431896,0.1167313060048401,-0.00824980747139459
-4.394150384182399,-0.0014251566441577529,0.05534942009376155,-0.0011991506178019857
-4.3530070969610755,-0.0007079093360173293,0.05776969965088319,-0.0006005504640065159
-4.338780462708645,-0.0006151046109098293,0.05810595806338998,-0.0005327011809446744
-4.317995778427202,-0.0006489267918043965,0.057698718916162586,-0.0005530176830955932
-3.2082642617398403,-0.2029911733317495,-1.7006939141621567,0.013527826681732183
-3.139131185127966,-0.1988119773348667,-1.586173704076172,0.014153715184559204
-3.1357380845627723,-0.1983517434077687,-1.5825747094480724,0.014126374039884192
-3.1318561681750574,-0.19743597855265588,-1.581522699817387,0.013787196908078682
-2.606172087773172,-0.20290437196939642,-1.5189852666985935,0.028583785350868553
-2.59012469659669,-0.20808126213896014,-1.4980731726008905,0.03451506872689025
-2.577819350377799,-0.2085989628694097,-1.4701210676938303,0.03791385419657248
-2.5641951979877073,-0.20595212681986222,-1.448068269160968,0.033174821902174446
-2.5637095617511045,-0.21224786831409148,-1.451340877320516,0.048236894295678866
-2.5417365097690783,-0.2009961812495995,-1.3975570828009454,0.04017872066129271
-2.5322709459199593,-0.20283820294953006,-1.4016917994037794,0.04643778148490788
-2.5243521413252967,-0.20489882092063152,-1.3700540008785873,0.05078203609501901
-2.4270504597942644,-0.11006065786104768,-2.169005274621688,0.0061676062973099535
-2.209751364507096,-0.12428582549406972,-1.3924651604129417,0.01952017231256843
-2.1978455471650866,-0.1282105594912348,-1.4600633056922971,0.015631782633897067
-2.190929866227117,-0.12682893530377212,-1.4546342472657672,0.014408031679066173
-2.185559746484442,-0.12351781905718141,-1.2704287536898264,0.021322934426390345
-2.1668545666376424,-0.1255763383278487,-1.1475499810761363,0.024037355301256676
-2.1570443577678247,-0.11766038165316578,-1.3030984155714724,0.01915881066181985
-2.155835833412964,-0.12319734614154522,-1.2190314705826912,0.021572565304851656
-2.1505527558028303,-0.1329195420429373,-1.149965599282913,0.02286141680578098
-2.1353004437548733,-0.14159371582793207,-1.3104469428749417,0.019846421023161347
-2.1286509505532196,-0.13396623669272908,-1.4883507146638493,0.016331770248748774
-2.125121391553537,-0.11704486207614527,-1.875367050679164,0.008369465598601005
-1.9892056924242927,-0.23975851435236226,-1.2867910466224215,0.02788462538763484
-1.9525743418413182,-0.2261847273887363,-1.4320978275926133,0.028641561160367337
-1.9358237529459263,-0.24843122192776923,-1.3770259555292181,0.032724719102070046
-1.9034005266746687,-0.2298511566506935,-1.4387812211478,0.030668347246712992
-1.8977493040345008,-0.2824161288620302,-1.148631126851083,0.036894078328746985
-1.859837382589251,-0.2632353711494205,-1.2475227694780895,0.03790818093717284
-1.8441018538862761,-0.16486260847614073,-1.688607862941063,0.022675256226456064
-1.842317827696426,-0.13527000489484003,-1.6908188071656096,0.015516309603001517
-1.8307433022566648,-0.26023059183695135,-1.4726428772046556,0.03706399969093319
-1.8146114595901972,-0.23288731393607007,-1.4912796518750395,0.03391559213575734
-1.8087379141228908,-0.17245100894589002,-1.5613371238637415,0.02248839468281348
-1.8042186286251076,-0.25745731172261155,-1.3498978890763518,0.03752224058379248
-1.8001094722741355,-0.20076185850156247,-1.4199627989025874,0.026063986832441436
-1.7966923937369217,-0.30397275627836623,-1.0024823577521769,0.04321444906969965
-1.7935505632650606,-0.287959397394376,-1.1125260558335994,0.04523939082941983
-1.7628102963956362,-0.30092382894578634,-0.9934843153768694,0.04544114890271262
-1.7440741488986267,-0.29096434351751677,-1.1001860465216686,0.04627265045164067
-1.7375017385388267,-0.30575055146963304,-0.9328319535447891,0.04708433839080946
-1.7063550027353898,-0.14358153647486832,-1.4820758499025453,0.016258663950700216
-1.6945076649000155,-0.15336670948660522,-1.4009569555333061,0.016442959440842876
-1.6889234238762139,-0.15194630577807103,-1.3837289182186219,0.018487948651237804
-1.685227401994668,-0.11027067523776223,-1.4704946268652248,0.01194543148164204
-1.6677123997548715,-0.1480216545275076,-1.4844562189576893,0.0166923505929374
-1.6654669691747515,-0.2274186001763607,-1.1408143486508977,0.03119530609312555
-1.6509761553209497,-0.15291908650930786,-1.1938877835703414,0.017122190312812553
-1.6485903236242339,-0.25609484286192713,-0.9821438697696845,0.03445993859652824
-1.639392961737287,-0.0997709370192599,-1.552328833455067,0.006843877283182302
-1.6212216395489945,-0.10354289251191089,-1.4484417310899933,0.012227382926361894
-1.6044477716855712,-0.08279636439381935,-1.3788682204987217,0.010913353159670994
-1.5937450954533807,-0.15430065370284696,-1.1370067662299996,0.024651296072677128
-1.5822333666798862,-0.16034685510122906,-0.9583174912803709,0.028630878119865626
-1.574799142473708,-0.1526955884496474,-0.9571579908995017,0.02551290930176856
-1.5672102816219218,-0.18323985296618966,-0.9344736345485053,0.03275451184714524
-1.5490815480660702,-0.18795832331117998,-0.8984636574586595,0.03299470909356205
-1.5452784903944845,-0.15347160569856078,-1.038218712830554,0.02493241932294256
-1.525757501361728,-0.19606840758163485,-1.353750078767444,0.034326712087998895
-1.5155571916822197,-0.2507002906231828,-1.4440403334889413,0.05077906846506115
-1.4836573757865676,-0.190064662280349,-1.111631621327795,0.04102814433005021
-1.4736669876566633,-0.16151127828823172,-1.2013052255429126,0.03019218620867096
-1.469864828028735,-0.17014604995744348,-1.2479970391344342,0.03148254698302856
-1.4664305146475536,-0.20666866218572627,-1.1855666711663124,0.04544619216102386
-1.4558868556905404,-0.18350996949506374,-1.2191387583010695,0.039117283478515355
-1.4457788438696537,-0.19338201424211035,-1.1262695887017464,0.03883362250206062
-1.4394405292199102,-0.1702432604912512,-1.2953070923678838,0.037029233433999706
-1.4270020278553648,-0.17506950480936323,-1.1879675152557794,0.03555795683601171
-1.4184717177454282,-0.18843808610762328,-1.21358245839336,0.03786479383109981
-1.4096019297967208,-0.1468105478152285,-0.971515258217136,0.02821587005559956
-1.3998216519356068,-0.2036789905965477,-1.0533785632062276,0.05363584960681571
-1.3913982359424741,-0.13275165495665747,-1.0350123561581566,0.021230212057691527
-1.3757060732798325,-0.1520478833819037,-1.049463501804101,0.024353680146774997
-1.3649907934153604,-0.1732972596509636,-1.067417751709998,0.025666050586131826
-1.3541789850633899,-0.1505189299807272,-1.1800497358966475,0.020135667716778074
-1.3406123134455477,-0.17511143326989603,-1.1306200590267412,0.023745101987777215
-1.3330389404233813,-0.12250328067090113,-1.3969139475977865,0.015554965523724748
-1.329247700871706,-0.11102101061468254,-1.526354010765197,0.011100185892769872
-1.3258050343812908,-0.10868785885705506,-1.5125528086302158,0.01203109785606981
-1.3215063011123804,-0.14335737121605685,-1.2565326145714868,0.019856360471190902
-1.3012540798764212,-0.13464533903402737,-1.2340408852014748,0.01771485363211312
-1.2755564521310554,-0.12850257207399066,-1.180369033796573,0.01932436911119808
-1.2631667770175203,-0.13970923755992637,-1.2240387000494743,0.01341197437463735
-1.2484932761498655,-0.1902010566803705,-1.2379112849915954,0.03735856108655907
-1.2186940578463163,-0.1480341710922174,-1.3384667660378,0.030545649481568852
-1.2116523479033985,-0.19694676898205235,-1.2397197709831875,0.02930869360573344
-1.2063333200694242,-0.16083300900083608,-1.3868399961324314,0.029828765137590505
-1.1979562873441065,-0.19522209117570719,-1.4958911144717895,0.03974648430053983
-1.1848384159092327,-0.21101634182437637,-1.193870763832303,0.0328785625821492
-1.1614636831360101,-0.26568626617310276,-0.9428200504800962,0.029157041897304697
-1.1536938825475642,-0.27520708009063627,-1.0202655062771244,0.03499678965539275
-1.1361121899763844,-0.1157959139857156,-1.160243628825083,0.022224201581910744
-1.132480018043248,-0.11230606781676543,-1.5223860847760857,0.020700229762275153
-1.116239576388529,-0.23233151417262005,-1.0862201382955614,0.029377593072066784
-1.1099890083638466,-0.12169950835330168,-1.4840397149631168,0.025835996419336812
-1.0858328238161712,-0.14787538719655346,-1.034909105208633,0.03495840667417044
-1.070457672680306,-0.1403750944914015,-1.0875970558872576,0.031839186010441486
-1.0535482488967687,-0.13363569317035942,-1.1025083983214614,0.031242693313437857
-1.0489844727440998,-0.10809214803500489,-1.0473753257838072,0.01589663114529013
-1.0413781775595488,-0.10294016474551723,-1.1081777383892764,0.018459732679435698
-1.0401913884000715,-0.11057782163081543,-1.0980406742584732,0.015752168011482295
-1.0351220730274573,-0.10648477255788882,-1.1092371786798023,0.016048126201636575
-1.0284230081338117,-0.13752586975610093,-1.092623409073707,0.02245646945563624
-1.0217445708480926,-0.13226924270079177,-0.9365950959797781,0.017753237219160292
-1.0167260459466434,-0.10410854977301372,-1.0501216041228483,0.013395898701400939
-1.0026293073586516,-0.08273517465595684,-0.8879622183520376,0.010997029951093527
-1.000195645406145,-0.08550108063932248,-0.9054558156503644,0.01234344613514826
-0.9963614442607713,-0.10016585619899614,-0.7734626859896121,0.019933724629615998
-0.9908477249176937,-0.08636372448849171,-0.8458449121210019,0.013803480093714106
-0.97434940098316,-0.12205203148620308,-1.1506398111680587,0.026122532826077925
-0.9716415852172594,-0.11552804545565129,-1.0423748078511788,0.022529072603124596
-0.9660348245274856,-0.10435745748459457,-1.170456535323791,0.01809784803312608
-0.9560285525685457,-0.10234749271298049,-1.1337818984854156,0.01913971867195829
-0.9468454645284305,-0.09810498045660229,-0.9565514746208816,0.0131003703417689
-0.9406519569363617,-0.10007900755231026,-0.9189469558744132,0.01378823819135881
-0.9209058291512833,-0.13059686935095213,-0.9625829630749918,0.022385288538750315
-0.907328438366442,-0.11464104669665982,-1.0147697929786494,0.019224335975817686
-0.9012120963170668,-0.15905302404709776,-1.0875724435062204,0.0285636611222192
-0.8943027890832639,-0.06315310381451414,-1.170403050578007,0.010671579278039522
-0.8898557241600784,-0.08617320872187637,-1.0087495975125842,0.011482322988677936
-0.8883532236192636,-0.13758877529343017,-1.118850705292894,0.029798743156628577
-0.8839665263282345,-0.12409947551376407,-1.0390764425402075,0.02170192790160745
-0.8805520065301434,-0.11192253742491562,-1.116074874447414,0.02170277618950083
-0.872942019429449,-0.14715257950604993,-1.1689364612959066,0.03318720902565342
-0.8717907444082018,-0.16336357211143082,-1.006904900473816,0.02350072923407435
-0.8689149816059883,-0.08367871025517673,-0.9178948411732863,0.012832212189882264
-0.8607422341577304,-0.10475401608845057,-1.0235810035183746,0.01502437400955609
-0.8499998938815599,-0.0856098044185272,-1.0569003459346547,0.009243821510591319
-0.8480858795270939,-0.1697448490806076,-0.8830015534000591,0.02629590986667954
-0.8460992926644099,-0.10288528802483035,-1.153451214248991,0.011267108362716187
-0.843899147395435,-0.1309655268032173,-1.0833880157360136,0.017426022413627524
-0.8281142045007118,-0.2062982705308631,-0.9926259413835622,0.029287173615676145
-0.824670453700066,-0.16499847461417486,-0.9405981297458836,0.02244989933681106
-0.8220288740589888,-0.11612434182848118,-0.9947267085022031,0.01597593538206603
-0.8188178101447467,-0.12129591700666868,-1.0041702261803063,0.016201965653192287
-0.8110268918387223,-0.1323260032942225,-1.0286706492702682,0.01926712262510839
-0.8097524625566354,-0.13541647114927918,-0.9666297424865399,0.01822579616731128
-0.8086891889714974,-0.21694448063690666,-0.9163074934680531,0.03274965813058493
-0.8061543090432273,-0.1485326499136635,-1.0086846421562152,0.024480240968204996
-0.7747645204250365,-0.20814146743303302,-0.9406333148921607,0.03635869155394841
-0.7651556261171021,-0.16311963935682344,-1.0139721032135267,0.02468090148233365
-0.7590596670129609,-0.10104535584442273,-1.1190984145011178,0.009142683845343676
-0.7566451032167263,-0.11755519750633939,-1.1059641567507608,0.014713712303226403
-0.7482193490831324,-0.21781474618364974,-1.0944379681237772,0.04135200569249812
-0.7344942444389239,-0.19260784679010248,-0.7643644302676306,0.03680471446495803
-0.7284529660580895,-0.16201860010444505,-0.7484430185811288,0.028256726211648386
-0.7129797029698931,-0.15329560231420605,-0.7169833996927005,0.023099746937023533
-0.6970461380054349,-0.18053413793934636,-0.7341583746111564,0.027956901032181607
-0.6767315584860538,-0.18065924808947015,-0.8499204266262463,0.02647674628121154
-0.6740710774373049,-0.24217733000209518,-0.8916827441348313,0.03604431344309322
-0.6656658486588506,-0.24848342521761727,-0.8938468217493913,0.03839284391867024
-0.6592217433283942,-0.25513036054906985,-0.8586432551579775,0.04042297742784736
-0.6553885099442417,-0.0630457160400533,-1.2547971779787115,0.0061852894252477884
-0.6304159592081751,-0.042284561391076086,-1.2646173874782223,0.004533099663560108
-0.627793558977048,-0.13571076126373685,-1.0680953291518707,0.022026429064188353
-0.6194412513205864,-0.091846281655553,-1.1296285391322831,0.010296063897370705
-0.616484274528163,-0.0921725768907199,-0.9588973215085789,0.013211030293457661
-0.6088663005316424,-0.08174090686115552,-1.1670085163880086,0.011883224645228374
-0.5955988212389549,-0.11051605075056668,-1.0889506316713509,0.017678128955548288
-0.5936581863267131,-0.09843549837108083,-0.961772018092641,0.015210215125895392
-0.5843240139746869,-0.14084850922538614,-1.0189842349655815,0.020175813852724947
-0.5734379188599933,-0.08784144147999903,-0.8042399393239389,0.01147595751278392
-0.553049310399311,-0.09809845425234862,-0.8695258904213213,0.01158127380458399
-0.5516183294426136,-0.12657100497085813,-0.9818538102223499,0.020316608913041684
-0.5277852815201266,-0.08997583636392582,-0.893672190069396,0.012733312385908151
-0.5140601283566721,-0.07814463756411566,-1.0104081343124192,0.013530570606694194
-0.5012424035092367,-0.0867325620848775,-0.8528215397664496,0.016657960185174132
-0.4983063305515869,-0.0873684336760399,-0.7472705186033175,0.017438421444956945
-0.4681937019875207,-0.102059996903344,-0.73118200023574,0.019826158813990073
-0.4641613258909088,-0.07348550231167504,-0.6279420262806761,0.013795940393465357
-0.4465720071484965,-0.10484674303116386,-0.6745291263726716,0.019509000953469073
-0.4420374969658218,-0.06006273491226651,-0.6200378681005152,0.01030296611519013
-0.426867429020609,-0.09758295697806839,-0.7253586587262408,0.012333163605118434
-0.4110260094371708,-0.21377285145987168,-0.748768942575428,0.03407615605033132
-0.40939980803610415,-0.21130308102539827,-0.798799550484956,0.035921524942363524
-0.4043772200840637,-0.12770027771658976,-0.8120273559133004,0.019340603768686265
-0.39720608143242936,-0.17741848774592706,-0.8081917251934859,0.03248600038572398
-0.39624674807916677,-0.16482290992706378,-0.8558847581359506,0.028863441964087733
-0.3869025418304816,-0.16360684589974708,-0.8407624277710235,0.026357953701399227
-0.3859126765162691,-0.20371068363529,-0.7616792001467576,0.038822161290368126
-0.38035657922890026,-0.0986445455875131,-1.1049687119629463,0.009291235770176594
-0.3661597683543062,-0.10492442171363683,-0.9354074416374475,0.018230631484817957
-0.3533518807488034,-0.18794742620339763,-0.6767105121694079,0.03862095622326942
-0.3473488419411695,-0.14088868061707793,-0.9083564984571717,0.027896765415014485
-0.34341908432538765,-0.19974380213962487,-0.7743170607353526,0.038196783878182206
-0.33898155930352125,-0.22173083828740514,-0.9224364847530442,0.04120627928259855
-0.32623796606890254,-0.23460263488330027,-0.9224480266606945,0.03879809710400074
-0.32213416653617516,-0.23936082749478219,-0.9540285691409587,0.04191317830013187
-0.30921788959600216,-0.2788530472646619,-0.9041754999274433,0.05013436197058558
-0.2635772577910672,-0.12199756891983604,-1.0700566005033725,0.020484382224818617
-0.2615602734528853,-0.11868773350828545,-1.0158991208274206,0.02213006889671936
-0.2540134811532568,-0.16002317790453746,-1.0184233000502636,0.03252002485744423
-0.24753399649583516,-0.19358858236739926,-1.0041552873141986,0.039418194722280676
-0.2448992523138066,-0.13994544703347714,-1.0725261469086547,0.02655715301302458
-0.2380672620177944,-0.1527741381874382,-1.0698684768606528,0.030783210885447387
-0.23428568224214993,-0.2849501072718112,-1.0911607119042284,0.06170324059799423
-0.22659777899764708,-0.0990468721244436,-0.9340058282298012,0.018328926292622984
-0.22074116276853253,-0.2182548527724653,-0.9406512176654546,0.04676380803663333
-0.18160853017955148,-0.10710176023664003,-0.7497993672619999,0.019225804271898704
-0.167199769336869,-0.08705927295118852,-0.8518463417352371,0.012956348481483797
-0.16029225635856262,-0.0685955125707317,-0.7907625358272239,0.0089118060822149
-0.15277893375217963,-0.06104429491587768,-0.7544286076257691,0.006295624752503645
-0.14834572687220005,-0.06141389555300742,-0.8730082543521238,0.007209689307805694
-0.13290982125255335,-0.06330630363094489,-0.7436679776524889,0.008088370253013968
-0.1282990809297822,-0.08092888284284629,-0.7214865654898797,0.010432713944551966
-0.12369802782197244,-0.05235768613371214,-0.9755610298926962,0.005753078925050957
-0.11040186452389411,-0.05129551470567198,-1.0268805839892563,0.005971464224552855
-0.0964675312129295,-0.16269687317047937,-0.9571278396727899,0.02869559627323279
-0.09199162459183362,-0.12252267702832846,-0.7161893643357884,0.026509963125093922
-0.08642986535773538,-0.16067257353210318,-0.9539603296005115,0.02939866877765738
-0.08331261333167517,-0.18495374782613563,-0.979106656225687,0.035704262792510946
-0.07912975303237334,-0.1147074261294647,-0.8501409074583595,0.020838223778184867
-0.06887815154209129,-0.060643070099038014,-0.7840621188739493,0.008952711927670698
-0.06732081396305932,-0.12078553112284394,-0.8932120806198974,0.021617168856987886
-0.03571029845369686,-0.08775985118271779,-0.7634930420147299,0.011492198410370238
-0.028997313133980462,-0.1367302923631465,-0.7586961105865908,0.018930783479040935
-0.02315585519755598,-0.11999453389506104,-0.7986316166173311,0.01636533119803793
-0.020504904080519123,-0.11432617325236007,-0.747860161637894,0.015568983227002817
0.024869030300717673,-0.059703395687081905,-0.5647009622736783,0.00571109463556579
0.026168226596251773,-0.10897900533356664,-0.6656395363113705,0.011464532824390182
0.060666073190259164,-0.11158706388335636,-0.6840626688622503,0.00982814292096833
0.07300314832209238,-0.10607626029743004,-0.7175279049732168,0.008770326629738371
0.1899772543737391,-0.04638929894457912,-0.868580743272592,0.003968266852557151
0.20288907242981305,-0.049647759616230705,-0.8114858129460683,0.003849836224191137
0.21900120437112133,-0.044683956228928734,-0.8218862919072436,0.003742542382522502
0.28165372825983337,-0.09622405457933399,-0.6933158163671748,0.003853092460182213
0.30885087786234267,-0.035529260717182334,-0.8530380761113936,0.008802371730498179
0.3344182386477189,-0.054462298975014097,-0.7635706648564132,0.008905582088519184
0.34806448375978843,-0.08790322833035032,-0.691607478750092,0.008644325664677098
0.35471234402220553,-0.1540452657445102,-0.5043548125776537,0.003786768817098255
0.3705029202440718,-0.16960609184645406,-0.481988453185641,0.00033206762019781115
0.38618972160567067,-0.1929315407382079,-0.4140410990302647,-0.0003185581999565858
0.3912568694199277,-0.0993398668195422,-0.6254913543615923,3.367516626067832e-05
0.4340014683926924,-0.06720126092593784,-0.6938838102701177,-0.00042685455331411333
0.4571642609106698,-0.09239672477397042,-0.6186718153972678,-0.0009385005745356552
0.46989546322363757,-0.04811907237040359,-0.6730030625553621,-0.00428767399795889
0.4784052275456629,-0.09122177514711391,-0.5967297232812783,-0.0006202948656067693
0.4839590230193195,-0.13467445602409725,-0.5823835170361503,0.00041969861186257355
0.5012957164027463,-0.17707635528639207,-0.2927103363255408,-0.0034127721417073656
0.5089719952630943,-0.18350966660936824,-0.5033061841527668,0.0028176938480723103
0.5146707016374756,-0.13932027741688696,-0.5155155077178795,0.0015349750381410308
0.5231352837619175,-0.170536926991105,-0.48793936425868273,0.0011583298920931015
0.5370223749594847,-0.06336254585400211,-0.5592699600661745,-0.0038667696416638604
0.5442288183606624,-0.06150214468280552,-0.6315443825567963,-0.0031336693367045795
0.5589257688314657,-0.08796511555899823,-0.5695407771915536,-0.0036677574780575512
0.5755431006730187,-0.07059893611743573,-0.6413752126164193,-0.0005105698688186474
0.6006766092363951,-0.08135812595490577,-0.6291608137921022,-0.000692130049016554
0.603297444458888,-0.07035392218166356,-0.664581902990641,2.6165635241501295e-05
0.6224180168848549,-0.11989172640567791,-0.5495857307237685,-0.001114184153436003
0.6252481351599696,-0.12263745446979854,-0.4373935582365655,-0.008017106100311342
0.6277786230369461,-0.06772527680670642,-0.6613923220516559,-0.0008826910246637942
0.6376980822969428,-0.12992319355499934,-0.476213409735566,-0.007326807835150412
0.6514154387394039,-0.11377400307823847,-0.4959161112148352,-0.006948126952970458
0.65582883019961,-0.15606285412380203,-0.5516999928965681,0.002281470281469033
0.6658843525871713,-0.13518005062169725,-0.6505689138922458,-0.0014173216105842254
0.6740803211075302,-0.14859599859582218,-0.5767145263050818,-0.002440776596868938
0.6771144139409558,-0.16532802507019778,-0.6543504309580673,-0.0002981292182008624
0.692694912277211,-0.15722747891514022,-0.6514711614838004,-1.5885497852393887e-05
0.7282308510890492,-0.28069601903366553,-0.45288234760007356,-0.0007926065307811547
0.735425504745207,-0.2537082882476653,-0.512321921075071,-0.002510311841197665
0.7517660412782946,-0.20877022848101198,-0.2914323637598334,-0.0061456931519414185
0.7532359474701505,-0.09957328239058601,-0.5824906617706668,-0.005504373727191348
0.7634130390034077,-0.1567057572523382,-0.5078846886001979,-0.0063483386677850966
0.7686943036862804,-0.1542798399943915,-0.4187105464921282,-0.007205085326060737
0.7838242334365314,-0.1359709087175603,-0.34581728566320985,-0.005006475920745413
0.7867198401944758,-0.12128236536833999,-0.4615455480349508,-0.008211687455886124
0.7909274917474297,-0.1603188146548146,-0.3963514628536619,-0.009434173050922185
0.7942888390418115,-0.2555371056423779,-0.3563908868156153,-0.00834893902000479
0.7989382078756342,-0.16806274890048337,-0.3506599438943325,-0.009215571323832319
0.8043762729896158,-0.14936147579251133,-0.37949786911870664,-0.004025664984372119
0.8123688166508096,-0.11404062369204901,-0.4358166470930787,-0.006307150442903812
0.8222989512908642,-0.09901326915318641,-0.5383911557020468,-0.009699525589892278
0.8289326019143278,-0.14328475391708148,-0.5586319433427663,0.002307894531923202
0.8333278893474007,-0.16787237959244003,-0.42415554640978614,-0.0021982390920833716
0.8495409546169965,-0.12633452185995495,-0.272766652425607,-0.00489037314780075
0.8581836857645334,-0.14715504424116801,-0.5396306402038593,-0.001591889631957082
0.8617928321804518,-0.12511805782341753,-0.6111923328499002,-0.00199999162020408
0.8740385229538159,-0.1561564020661128,-0.5639095783379784,0.00021657233941226658
0.8943534668896272,-0.0896408867631961,-0.686372298323887,0.0014161050000515358
0.8964757191458299,-0.15437778990168813,-0.36079541617782246,-0.004782165677934858
0.906628049147458,-0.1712589412374751,-0.44608020835389245,-0.005941431450173703
0.9275763752788714,-0.1293570188966448,-0.4480693322246965,-0.004690090505192004
0.9340817258615978,-0.11464609566408217,-0.48308042991994543,0.0003238574861951273
0.9594662364608948,-0.14154272390779513,-0.623279241743046,0.0030427613003303007
0.9661184617918003,-0.1127308531995504,-0.382441175494403,-0.0031915701007306893
0.9711621734027914,-0.15042277148349334,-0.6333386318199504,0.0006223863500366964
0.9844183882028679,-0.1641637134757484,-0.6063001322989888,0.0003958284542603419
0.9969369628538112,-0.12155375128595061,-0.5614057920320753,-0.0011181751397466733
