Energy_eV,Cd,Cl,S
-8.995000000000001,7.46192367360432,22.110745326359613,40.2396773746663
-8.985,7.805311178313961,22.97214842829873,41.77817449469477
-8.975000000000001,8.085952645047747,23.64670493514871,42.9553008426152
-8.965,8.29961309297633,24.133593675372303,43.7633106502916
-8.955000000000002,8.444393580562565,24.440421663502164,44.20944623031711
-8.945,8.520752568138665,24.582706151185324,44.315258578978735
-8.935000000000002,8.531409900429757,24.58294356192521,44.11519721108918
-8.925,8.481147084709212,24.469368221388713,43.654632084790144
-8.915000000000003,8.376523133608405,24.274521122807293,42.98750094634494
-8.905000000000001,8.225528935382002,24.033751956246643,42.17378301849665
-8.895000000000003,8.037204918705557,23.783766906918913,41.27698591870926
-8.885000000000002,7.821246759570555,23.56131233114188,40.36180039813881
-8.875000000000004,7.587622111645275,23.402053485505235,39.49203182393435
-8.865000000000002,7.346217929324434,23.33967193429155,38.72886413867264
-8.855000000000004,7.106533080011903,23.40516950246797,38.12945771114998
-8.845000000000002,6.877424958910423,23.626335278300076,37.74583360743921
-8.835000000000004,6.666912297373081,24.027309627851483,37.62395969452685
-8.825000000000003,6.482030083469829,24.628169236031702,37.80293418312445
-8.815000000000005,6.3287274094409565,25.444462363496633,38.314163712673164
-8.805000000000003,6.2117960091480064,26.486644463006066,39.1804574370112
-8.795000000000005,6.134816891809289,27.75939930230649,40.41500409165998
-8.785000000000004,6.1001150212087385,29.26087544749297,42.02026029667466
-8.775000000000006,6.108717075360858,30.981915635272347,43.98684636197336
-8.765000000000004,6.160314024704888,32.905398841978865,46.29260891655275
-8.755000000000006,6.25323722257718,35.005843012904364,48.90205506669736
-8.745000000000005,6.384462355509218,37.24942293241805,51.766379000296524
-8.735000000000007,6.549658527838445,39.594537893051765,54.82428107608575
-8.725000000000005,6.743298977170491,41.99301704820042,58.003719141775264
-8.715000000000007,6.958845143879369,44.391980706794286,61.22463653357033
-8.705000000000005,7.189007550294228,46.7362919223031,64.40259203797831
-8.695000000000007,7.4260764157001775,48.97144645949085,67.45309049204513
-8.685000000000006,7.662303889044621,51.04667398954423,70.2962979346486
-8.675000000000008,7.890310158523014,52.917971784261574,72.86174119009476
-8.665000000000006,8.103479254529423,54.55077385282137,75.09255366228417
-8.655000000000008,8.296308349650044,55.921978202185784,76.94884567073679
-8.645000000000007,8.464677288908021,57.02111177058791,78.40984943631983
-8.635000000000009,8.606012645063327,57.8504999391958,79.47460794480492
-8.625000000000007,8.719331722459096,58.42441403505786,80.16112822134505
-8.615000000000009,8.805165008462598,58.76728166869985,80.50408298829021
-8.605000000000008,8.865368704424526,58.91114621344702,80.55129847075943
-8.59500000000001,8.902850314427786,58.89263995653102,80.35939010478509
-8.585000000000008,8.921238319947284,58.74978070504267,79.98898655214741
-8.57500000000001,8.924530761943998,58.51890902096227,79.50000695388289
-8.565000000000008,8.916756795771807,58.23205322914666,78.94742574940894
-8.55500000000001,8.901680361251533,57.9149473418188,78.37788019756886
-8.545000000000009,8.88256698812917,57.58584251060347,77.82736075074398
-8.53500000000001,8.862024818855009,57.255157451501375,77.32009054017675
-8.52500000000001,8.84192075307985,56.92592007789796,76.86856579943782
-8.515000000000011,8.823363730649032,56.59487284259596,76.47461126248209
-8.50500000000001,8.806740823392715,56.25405697696427,76.13121705544472
-8.495000000000012,8.791788785170912,55.89266121931516,75.82487471829032
-8.48500000000001,8.777684211828774,55.498919873973065,75.53812195173663
-8.475000000000012,8.763139066681147,55.06187018588005,75.2520345996401
-8.46500000000001,8.746494060837328,54.572823688663696,74.94846123085256
-8.455000000000013,8.72580888244751,54.02646175495125,74.61186804850166
-8.445000000000011,8.698954040151856,53.421522601360536,74.23073608757775
-8.435000000000013,8.663712753823225,52.76109676190873,73.7985162458609
-8.425000000000011,8.617901927358954,52.052583941903336,73.31419132099305
-8.415000000000013,8.559518428514787,51.30738270718969,72.78251328088567
-8.405000000000012,8.486911053540924,50.540385690809856,72.21397915536332
-8.395000000000014,8.398970727003757,49.76934025586838,71.6245857936515
-8.385000000000012,8.29532324434472,49.0141136479853,71.03537146858525
-8.375000000000014,8.176501989798673,48.295879577498205,70.47172170439335
-8.365000000000013,8.044074209526197,47.6362265342634,69.96239784848228
-8.355000000000015,7.900694777073179,47.056181877537874,69.53824707242984
-8.345000000000013,7.750066420361927,46.57515205556805,69.23057460555486
-8.335000000000015,7.596794707101044,46.20979725591652,69.06920104059895
-8.325000000000014,7.446138526778639,45.972884556262386,69.08028289058139
-8.315000000000015,7.303670573402439,45.87219140899178,69.28403332576278
-8.305000000000014,7.174875338002154,45.90955446380513,69.6925309298039
-8.295000000000016,7.064722341576837,46.08017133624819,70.30783690989433
-8.285000000000014,6.977258159847969,46.37226080231344,71.12064768981597
-8.275000000000016,6.91526125444443,46.7671684707974,72.10968644626806
-8.265000000000015,6.879998567827877,47.23997152178623,73.24198473883209
-8.255000000000017,6.87111288464499,47.76059139505877,74.47412908482777
-8.245000000000015,6.886656388715666,48.29537294583546,75.75445569726006
-8.235000000000017,6.923270366247966,48.80903893684439,77.02608023457987
-8.225000000000016,6.976495508917226,49.266885970494826,78.23055943216046
-8.215000000000018,7.041183556844411,49.63705717706697,79.31190813964656
-8.205000000000016,7.111970590476818,49.89271160926337,80.22064679587916
-8.195000000000018,7.1837661752340445,50.013911888827394,80.91753615662229
-8.185000000000016,7.25221129011233,49.98906987303833,81.3766703733619
-8.175000000000018,7.314061489885522,49.81582299839061,81.58764526106995
-8.165000000000017,7.3674595191405725,49.50125830145727,81.55659169456409
-8.155000000000019,7.412072668786084,49.06145285571482,81.30595783909374
-8.145000000000017,7.449083315919286,48.520353998370226,80.87302969640567
-8.13500000000002,7.481034953448121,47.908075675395324,80.30728743178952
-8.125000000000018,7.511549243421248,47.258734176193556,79.66679512168372
-8.11500000000002,7.5449410083924855,46.607983671832194,79.01390466305187
-8.105000000000018,7.585766652857073,45.99043632300699,78.4106130310776
-8.09500000000002,7.638346653716535,45.4371613163419,77.91394071327561
-8.085000000000019,7.706304205043528,44.97345123147211,77.57169576574884
-8.07500000000002,7.792159924859559,44.61702310887661,77.4189533953731
-8.065000000000019,7.897017106044404,44.37678719413251,77.47551902650298
-8.055000000000021,8.020363924318382,44.25227141039761,77.74455961183293
-8.04500000000002,8.160009058261814,44.23373788226844,78.21249131926511
-8.035000000000021,8.31215616219313,44.30297361098002,78.85011034628528
-8.02500000000002,8.471611414796293,44.43468521574918,79.61485618477028
-8.015000000000022,8.632107774284448,44.5983818751039,80.45401117535746
-8.00500000000002,8.78672037935089,44.760595041579,81.30857332441255
-7.995000000000021,8.92834043306273,44.887261081697716,82.11749599727888
-7.985000000000022,9.050170459003546,44.94608544894639,82.82197103216717
-7.975000000000022,9.146202417013363,44.90871470105316,83.36944153267434
-7.965000000000022,9.211641972802013,44.752564562589036,83.71706525886972
-7.955000000000022,9.243247115909373,44.46218589550466,83.83440511966671
-7.9450000000000225,9.239556892413152,44.03009234041889,83.70519389142065
-7.935000000000023,9.200995546632875,43.457019254912204,83.32809877446638
-7.925000000000023,9.129847900455951,42.751628870682744,82.71649004644658
-7.915000000000023,9.030112265266549,41.92971707007197,81.89728954342183
-7.905000000000023,8.907246521975207,41.013009389591375,80.90903294037366
-7.8950000000000236,8.767830328391357,40.02765553922382,79.7993207989602
-7.885000000000024,8.619171123909556,39.002542053895525,78.62185559476063
-7.875000000000024,8.468883475019485,37.967542270374,77.43326646834646
-7.865000000000024,8.324470498400014,36.95181345699814,76.28991343567974
-7.855000000000024,8.192933087618098,35.98223521492615,75.24484273878593
-7.845000000000025,8.080428132669152,35.08206408722597,74.3450396989821
-7.835000000000025,7.991991592751738,34.26985926807463,73.62909888304783
-7.825000000000025,7.931336812936567,33.55871532975865,73.12540609488505
-7.815000000000025,7.900733332910219,32.95582099623194,72.85090325160223
-7.8050000000000255,7.900966864987624,32.462348288674825,72.81048446462435
-7.795000000000026,7.931377162087155,32.07366325672328,72.99704744310228
-7.785000000000026,7.989967069275721,31.779837083439165,73.39219642335898
-7.775000000000026,8.073573039368394,31.56642383835636,73.96755993754365
-7.765000000000026,8.178084739005644,31.41545829402602,74.68664939283703
-7.7550000000000265,8.298699138951314,31.3066145060215,75.50714530724949
-7.745000000000027,8.430192856993848,31.218454526749714,76.3834617121509
-7.735000000000027,8.567195768959635,31.12968845627319,77.26941136691711
-7.725000000000027,8.704449286685747,31.020363942048597,78.12078064382662
-7.715000000000027,8.837034391310638,30.872906793260693,78.89762746339068
-7.705000000000028,8.960557505457684,30.67294535095418,79.56614024148809
-7.695000000000028,9.071286379039599,30.4098693296777,80.09993906659793
-7.685000000000028,9.166232941495057,30.077097508529633,80.48075770540873
-7.675000000000028,9.243184986861094,29.672055354495704,80.69850941507414
-7.6650000000000285,9.300693003069366,29.195890201695228,80.75080234210782
-7.655000000000029,9.338021878128455,28.652974630757416,80.64202288658464
-7.645000000000029,9.355079199177126,28.05026524259404,80.38214056485664
-7.635000000000029,9.352332197055517,27.396592043891165,79.98540094782449
-7.625000000000029,9.33072410403768,26.70195232954692,79.46906284492584
-7.6150000000000295,9.291598035388663,25.976872784924087,78.85230423892571
-7.60500000000003,9.236632910771023,25.231886317481397,78.15537392977882
-7.59500000000003,9.16779195677327,24.477148600701128,77.39901015247031
-7.58500000000003,9.087280584992218,23.722196732565695,76.60409252514411
-7.57500000000003,8.997507503758913,22.975832055524215,75.7914483600579
-7.565000000000031,8.901041279658356,22.246093867215357,74.98170598872164
-7.555000000000031,8.800554536723332,21.54028241529121,74.19508110609253
-7.545000000000031,8.698749667595239,20.86498903074277,73.45099866608257
-7.535000000000031,8.598263180329198,20.22609810987388,72.76749031191527
-7.525000000000031,8.501550205576,19.6287383764855,72.1603599459558
-7.515000000000032,8.410755599813339,19.077177041127396,71.6421692952591
-7.505000000000032,8.32758269903657,18.574667229143685,71.22115108226384
-7.495000000000032,8.253174251106552,18.123273440193863,70.9001994840206
-7.485000000000032,8.188021618571087,17.7237093188307,70.67610739875406
-7.4750000000000325,8.13191746578265,17.375224975879743,70.53921224641469
-7.465000000000033,8.083963653571878,17.07557693117645,70.47357553977258
-7.455000000000033,8.042640228949294,16.821103098759583,70.45776002744203
-7.445000000000033,8.005933926646547,16.606909890478743,70.46619011064391
-7.435000000000033,7.971516566640994,16.4271611122318,70.47099815909718
-7.425000000000034,7.936956411923836,16.27544192284597,70.44418457737174
-7.415000000000034,7.899940203284123,16.145158658020822,70.35986564258779
-7.405000000000034,7.858481222651347,16.029929084296995,70.19635999623833
-7.395000000000034,7.811089908737898,15.923918856163596,69.93787723174381
-7.385000000000034,7.756888228475289,15.822088493052313,69.57561946675253
-7.375000000000035,7.695656556539391,15.720329630738306,69.1081824640807
-7.365000000000035,7.627811080043238,15.615487108788246,68.54123529331693
-7.355000000000035,7.5543192560384735,15.505281485176699,67.88655236919499
-7.345000000000035,7.476569081730656,15.388161640012862,67.16055426085072
-7.3350000000000355,7.396213589414622,15.26312662579665,66.38257143408745
-7.325000000000036,7.3150142026862435,15.129558275865563,65.57306988597037
-7.315000000000036,7.234705135815643,14.987101055164475,64.75206687728915
-7.305000000000036,7.1568962518052945,14.83561432128652,63.93792188817833
-7.295000000000036,7.083024608855994,14.675206732108144,63.14662068167375
-7.285000000000037,7.014356549976482,14.506345789244751,62.39159036859195
-7.275000000000037,6.952033960182885,14.330020321945673,61.684003138196786
-7.265000000000037,6.8971514374375005,14.147922526366905,61.033457348475046
-7.255000000000037,6.850846497763928,13.962610576425988,60.44887574237156
-7.245000000000037,6.814383055048548,13.777613384670484,59.93943675046734
-7.235000000000038,6.789209353473077,13.597445386320285,59.51535730924185
-7.225000000000038,6.776974993092418,13.427510027990296,59.18837204445839
-7.215000000000038,6.779497121650281,13.27388426940888,58.97179912223777
-7.205000000000038,6.79867256112739,13.142991012175306,58.8801410646561
-7.1950000000000385,6.836339830552231,13.041180243353647,58.92823222567483
-7.185000000000039,6.894101958394535,12.974251410565202,59.130006341309276
-7.175000000000039,6.973126933240237,12.946958075145002,59.49701102971416
-7.165000000000039,7.073946974087672,12.962540508391383,60.03683557425514
-7.155000000000039,7.196279965328777,13.022332186246086,60.7516391642542
-7.1450000000000395,7.338896000633073,13.125481952187647,61.636965919503105
-7.13500000000004,7.49954883917943,13.268825097348213,62.68100944681861
-7.12500000000004,7.674986316597768,13.446924241452269,63.86444485914403
-7.11500000000004,7.861045840172935,13.652285599377027,65.16088444753619
-7.10500000000004,8.05283185590335,13.87573934818351,66.53794158131537
-7.095000000000041,8.244962716036635,14.10695612471816,67.95881506046516
-7.085000000000041,8.431865963690871,14.335057166050031,69.3842430981974
-7.075000000000041,8.608094907908042,14.549265190322323,70.77463172831315
-7.065000000000041,8.76863645304151,14.739538367644252,72.09214370031079
-7.0550000000000415,8.909180990174594,14.897131528132096,73.30254405005225
-7.045000000000042,9.026329710583187,15.015037071315513,74.37663614206295
-7.035000000000042,9.117722336344084,15.088271882563273,75.2911811751591
-7.025000000000042,9.182077867857586,15.113994081102218,76.02926545211545
-7.015000000000042,9.219151109344049,15.091452208451802,76.5801517524678
-7.0050000000000425,9.229616982607102,15.021786938133125,76.93871267382667
-6.995000000000043,9.214901702632268,14.907719236699528,77.10458573287525
-6.985000000000043,9.176983893860008,14.753167465572698,77.08120696286718
-6.975000000000043,9.11818932818864,14.56283840767497,76.87487083812715
-6.965000000000043,9.041000370975818,14.341833825446688,76.49393315049554
-6.955000000000044,8.947896112616695,14.095305969428354,75.94822703664994
-6.945000000000044,8.841232550738898,13.828184146745173,75.24870983136262
-6.935000000000044,8.723165217036431,13.544982010432719,74.40730922958063
-6.925000000000044,8.595610398876799,13.249683576645253,73.43689947212789
-6.9150000000000444,8.46023645009926,12.94569669840626,72.35131742006354
-6.905000000000045,8.318474143297692,12.63585684213372,71.1653266528224
-6.895000000000045,8.171534730738365,12.322461894225807,69.8944539522881
-6.885000000000045,8.020426131353219,12.007320107759659,68.55465268236345
-6.875000000000045,7.865960930569035,11.691797412700078,67.16178563882366
-6.8650000000000455,7.7087539635086895,11.376856060594294,65.73095909117778
-6.855000000000046,7.549211381882257,11.063082746358019,64.27577345473941
-6.845000000000046,7.387516571204389,10.750709824359843,62.807579131994046
-6.835000000000046,7.2236205415036885,10.439637146507613,61.33483539972743
-6.825000000000046,7.057245149728176,10.129463889371795,59.862665011749186
-6.815000000000047,6.887906678065247,9.819539395209485,58.39267894536779
-6.805000000000047,6.714965090574933,9.509039782409614,56.92311778872871
-6.795000000000047,6.5377011146371995,9.197073413830466,55.44932309419605
-6.785000000000047,6.35541964491998,8.882813924829556,53.96451829005926
-6.775000000000047,6.167574358122703,8.565655096359755,52.460848524861156
-6.765000000000048,5.97390529282535,8.245377994899421,50.93060495873567
-6.755000000000048,5.774578791337842,7.922317887916714,49.367542833523885
-6.745000000000048,5.570317765984953,7.59751667159851,47.76819404470263
-6.735000000000048,5.362509755064827,7.272845932916968,46.133072829719744
-6.7250000000000485,5.1532806097460675,6.9510862258178925,44.4676762029069
-6.715000000000049,4.945522826137175,6.635949572687284,42.78318790867736
-6.705000000000049,4.7428694726780325,6.332034565599916,41.096805790574706
-6.695000000000049,4.549607391937846,6.044706779932834,39.43162840465754
-6.685000000000049,4.370526949179805,5.779901622689856,37.81605888950933
-6.67500000000005,4.210710104987303,5.543852286207987,36.28271390163954
-6.66500000000005,4.075263938463958,5.342752085631791,34.866863197598754
-6.65500000000005,3.9690126711909395,5.182367789070247,33.60446972796084
-6.64500000000005,3.896167215626451,5.067627943051971,32.529947138396835
-6.63500000000005,3.8599965260679303,5.002216684420076,31.673795389127502
-6.625000000000051,3.8625286395770155,4.988207947179189,31.06030841601477
-6.615000000000051,3.9043103328967317,5.025776155275068,30.70556288285726
-6.605000000000051,3.9842520665393453,5.113016533226602,30.6158882011173
-6.595000000000051,4.099579022355226,5.245900672436981,30.786982386405576
-6.5850000000000515,4.245899810979629,5.418381275853683,31.203777592515014
-6.575000000000052,4.417392698391433,5.622645164749189,31.841079654189542
-6.565000000000052,4.607096405248943,5.849497470647865,32.664918162499504
-6.555000000000052,4.807280469733366,6.088844721274429,33.63446058445143
-6.545000000000052,5.009860716523285,6.330232631107264,34.70427918104099
-6.5350000000000525,5.206820162190488,6.563387865135813,35.82672426723025
-6.525000000000053,5.390595744222611,6.778713161360856,36.95415850276285
-6.515000000000053,5.554396793242368,6.967692237561704,38.04084513814403
-6.505000000000053,5.692431458688862,7.123173975730023,39.044352629895066
-6.495000000000053,5.800030785056168,7.239522516055901,39.926427150573254
-6.485000000000054,5.873674659099796,7.312638391022106,40.65337776883844
-6.475000000000054,5.910937026732744,7.339872694649562,41.196099908995194
-6.465000000000054,5.910377441177681,7.319868775221619,41.529916576618675
-6.455000000000054,5.871410596222414,7.252372088621762,41.63443400629754
-6.4450000000000545,5.794184373613665,7.138047812624497,41.493585797459
-6.435000000000055,5.679490474624229,6.978338044961792,41.09598154456968
-6.425000000000055,5.528721247504723,6.7753775271678,40.4355933045581
-6.415000000000055,5.343873891238591,6.531971360000302,39.512721389955786
-6.405000000000055,5.127591139669309,6.251622998837013,38.335097002493555
-6.3950000000000555,4.883217998671061,5.938588672357185,36.91891868738744
-6.385000000000056,4.61484877443317,5.597927328769182,35.28959371117561
-6.375000000000056,4.327338323899383,5.235514341070425,33.48196918163256
-6.365000000000056,4.026256074220219,4.857992398695195,31.539888984648503
-6.355000000000056,3.717769924716644,4.4726431047103095,29.51499298378883
-6.345000000000057,3.4084580498247172,4.087175817869065,27.46477136484085
-6.335000000000057,3.1050579424269213,3.709443874141058,25.44998432634441
-6.325000000000057,2.8141719040219493,3.347110202713811,23.531640901326004
-6.315000000000057,2.5419551056639826,3.007292687729522,21.767788887737808
-6.3050000000000574,2.2938154132649022,2.69622332603568,20.210393630660022
-6.295000000000058,2.0741531845682046,2.4189540485794767,18.902575026862603
-6.285000000000058,1.886164644445386,2.1791365605061226,17.87643294140902
-6.275000000000058,1.7317251720288827,1.9788948730903408,17.151628514303646
-6.265000000000058,1.611360113866568,1.8187988498278416,16.734812222782868
-6.2550000000000585,1.5243018493498126,1.6979366210652405,16.61990929449003
-6.245000000000059,1.468623901879899,1.6140744871047765,16.789198439793424
-6.235000000000059,1.4414367365385792,1.5638859023184821,17.21505811614785
-6.225000000000059,1.4391259687172941,1.543226827224838,17.86221021236213
-6.215000000000059,1.4576121190153095,1.5474332171436083,18.69026596367706
-6.20500000000006,1.4926115735998662,1.5716173814348466,19.656372505310546
-6.19500000000006,1.539880622289557,1.6109428462445994,20.717768388538225
-6.18500000000006,1.5954278211460982,1.6608615228768169,21.834079197692763
-6.17500000000006,1.655683926972752,1.7173017667323667,22.969216303336108
-6.16500000000006,1.7176228081163711,1.776800747148565,24.09277910122323
-6.155000000000061,1.77883068973343,1.8365790224053633,25.1809006722931
-6.145000000000061,1.8375246086306205,1.89455907471274,26.21651621455581
-6.135000000000061,1.8925239176141835,1.9493327028936427,27.189071128346
-6.125000000000061,1.9431810702549308,2.000084604606644,28.09372017930827
-6.1150000000000615,1.9892797716884212,2.0464812825540584,28.930100016214592
-6.105000000000062,2.0309099593818187,2.0885356795566454,29.700783913721395
-6.095000000000062,2.068330028092144,2.12645876671472,30.409549236496673
-6.085000000000062,2.1018272472675483,2.1605097110872435,31.059603724926028
-6.075000000000062,2.1315873998718624,2.190856208335475,31.65192479171975
-6.065000000000063,2.1575842170767987,2.2174560008705617,32.18386475718868
-6.055000000000063,2.1794980872006806,2.2399694015483713,32.64816245780102
-6.045000000000063,2.1966716841847123,2.2577107031249835,33.03247649731938
-6.035000000000063,2.2081075495934144,2.269643625954985,33.31951716618735
-6.025000000000063,2.2125093284254866,2.2744224931279353,33.48780393342637
-6.015000000000064,2.208364486547435,2.2704768092852037,33.51301661298292
-6.005000000000064,2.1940622460282646,2.2561326848681174,33.36984606959919
-5.995000000000064,2.1680365985007124,2.22976053947099,33.034191568118
-5.985000000000064,2.128921092875026,2.1899352495911515,32.485504322505726
-5.9750000000000645,2.075700124943136,2.135592876042424,31.709047844103587
-5.965000000000065,2.007841062663357,2.0661677070267443,30.69784100242523
-5.955000000000065,1.9253929176716928,1.9816947856557403,29.454072062380497
-5.945000000000065,1.8290403748102428,1.882866307056852,27.989820385014948
-5.935000000000065,1.7201065127532864,1.7710349543998498,26.32699208081857
-5.9250000000000655,1.6005029575477079,1.6481628438926677,24.496458378507977
-5.915000000000066,1.4726318210638576,1.5167205564377395,22.53647027849089
-5.905000000000066,1.3392488551413901,1.3795459905966507,20.490499069980334
-5.895000000000066,1.2033011382779883,1.2396767943836116,18.404709582105646
-5.885000000000066,1.0677548222775486,1.1001724235399304,16.325304499574248
-5.875000000000067,0.9354287721375371,0.9639421947670243,14.295980495888113
-5.865000000000067,0.8088483869540309,0.8335941092713826,12.355711411829816
-5.855000000000067,0.6901308075268046,0.7113160402727279,10.53702525218678
-5.845000000000067,0.580908608858096,0.5987966360558523,8.8648783130059
-5.8350000000000675,0.4822945563632133,0.4971886215302753,7.3561606658573835
-5.825000000000068,0.3948856854144565,0.40711271841199675,6.0198017778513275
-5.815000000000068,0.31880136187781805,0.32869668125357726,4.8573909784703115
-5.805000000000068,0.25374745109943747,0.2616413299911313,3.864190020434897
-5.795000000000068,0.19909742394414837,0.20530411453052608,3.030396367865176
-5.7850000000000685,0.15398112954183013,0.15879064097686113,2.3425154386857288
-5.775000000000069,0.11737287723233421,0.12104552841220077,1.7847148429602222
-5.765000000000069,0.08817210403174396,0.09093564957603535,1.3400591964539548
-5.755000000000069,0.06527192635395071,0.067320895263726,0.9915552680774402
-5.745000000000069,0.04761296791223192,0.04910976260148094,0.7229692245713618
-5.73500000000007,0.03422175929794275,0.035299032644819046,0.5194066520122695
-5.72500000000007,0.024234540508795588,0.024998388876783795,0.3676692131273776
-5.71500000000007,0.016908376277114192,0.01744194267834688,0.25641794583716765
-5.70500000000007,0.011622106172846312,0.011989264973494847,0.1761822367072896
-5.6950000000000705,0.007869849253837156,0.008118728674578007,0.11925624774211956
-5.685000000000071,0.0052496567517460666,0.005415837315853498,0.07952243495289073
-5.675000000000071,0.0034495614888909645,0.0035588602757937573,0.05223638978511883
-5.665000000000071,0.002232811571688451,0.002303619670867585,0.03380011374507467
-5.655000000000071,0.0014235842995602797,0.0014687670282728614,0.02154330158701884
-5.6450000000000715,0.000894017206830156,0.0009224143134081925,0.013525206863359486
-5.635000000000072,0.000553005683684915,0.0005705840579112704,0.00836377606911056
-5.625000000000072,0.0003369182473467948,0.00034763535932864377,0.005094220034472516
-5.615000000000072,0.00020217225075916831,0.00020860746928654545,0.003056050183601085
-5.605000000000072,0.00011948464322750308,0.00012329028424103096,0.0018056850343378412
-5.595000000000073,6.954856474832258e-05,7.176504724616304e-05,0.0010507854573898303
-5.585000000000073,3.986963800892445e-05,4.114099103371905e-05,0.0006022391029371353
-5.575000000000073,2.2509581179717467e-05,2.3227751027361906e-05,0.00033993779510337437
-5.565000000000073,1.2515751165864347e-05,1.2915273873496822e-05,0.00018897256127390274
-5.555000000000073,6.853376313954804e-06,7.072255031520907e-06,0.00010345712809548924
-5.545000000000074,3.695766461844389e-06,3.813855108831032e-06,5.577998619264481e-05
-5.535000000000074,1.962687704747107e-06,2.0254285498309578e-06,2.9617403341011338e-05
-5.525000000000074,1.0264537647626636e-06,1.0592803354150143e-06,1.548676621223356e-05
-5.515000000000074,5.286450180034901e-07,5.455583499847861e-07,7.974704028482394e-06
-5.5050000000000745,2.6811479355059265e-07,2.7669617376999347e-07,4.043930008084814e-06
-5.495000000000075,1.3390748760272819e-07,1.3819500061107424e-07,2.019404515885418e-06
-5.485000000000075,6.585855516522425e-08,6.796801040632905e-08,9.930458530683632e-07
-5.475000000000075,3.189618984316598e-08,3.2918183384810045e-08,4.808808039675401e-07
-5.465000000000075,1.5211810679017182e-08,1.569937908119009e-08,2.293104378426671e-07
-5.455000000000076,7.143892751842855e-09,7.372942215183398e-09,1.0767744224846904e-07
-5.445000000000076,3.303675976208075e-09,3.4096321451580422e-09,4.97893698319925e-08
-5.435000000000076,1.5044066092628704e-09,1.5526706328422373e-09,2.2670242258901548e-08
-5.425000000000076,6.745827179728205e-10,6.962307447519529e-10,1.0164362170334208e-08
-5.415000000000076,2.9785469591043984e-10,3.0741579811728173e-10,4.487510733814672e-09
-5.405000000000077,1.295001188734771e-10,1.3365817090010568e-10,1.950874694600482e-09
-5.395000000000077,5.544082736197792e-11,5.7221408506312706e-11,8.35120222846966e-10
-5.385000000000077,2.3371173992505616e-11,2.412196870080557e-11,3.520154699370114e-10
-5.375000000000077,9.701083273036026e-12,1.0012804237468446e-11,1.4610501387481617e-10
-5.3650000000000775,3.9650303274171606e-12,4.092466901155265e-12,5.971132703221083e-11
-5.355000000000078,1.5957217891505357e-12,1.6470201411682426e-12,2.402892163258166e-11
-5.345000000000078,6.323392222095245e-13,6.526717822962607e-13,9.521286164977994e-12
-5.335000000000078,2.4673078814807173e-13,2.546659939479712e-13,3.714827541035323e-12
-5.325000000000078,9.479270920523061e-14,9.78420083918832e-14,1.427123016590011e-12
-5.3150000000000786,3.585940321095123e-14,3.7013164336386663e-14,5.398361712102674e-13
-5.305000000000079,1.3356908722293723e-14,1.3786746086311393e-14,2.01065959424686e-13
-5.295000000000079,4.898712573465611e-15,5.0563877294153e-15,7.373766500464392e-14
-5.285000000000079,1.7690065866893351e-15,1.8259563237817665e-15,2.6626421743101362e-14
-5.275000000000079,6.289945617940306e-16,6.492475025968617e-16,9.466887832391583e-15
-5.26500000000008,2.2020785236059622e-16,2.272995629035403e-16,3.314142097210478e-15
-5.25500000000008,7.5907687805124e-17,7.835268926208121e-17,1.1423600855767047e-15
-5.24500000000008,2.576347328440375e-17,2.6593460079915622e-17,3.8770509433403124e-16
-5.23500000000008,8.609688495963248e-18,8.887100952139665e-18,1.2955829795248173e-16
-5.2250000000000805,2.8329152648155844e-18,2.9242092709054225e-18,4.2627798005545275e-17
-5.215000000000081,9.177864429623223e-19,9.473678595364806e-19,1.3809668491296185e-17
-5.205000000000081,2.9275912071350767e-19,3.021965773299473e-19,4.404890262217124e-18
-5.195000000000081,9.194727220638117e-20,9.491175688005994e-20,1.3833983781580836e-18
-5.185000000000081,2.843320413067167e-20,2.935005915595269e-20,4.277781959842484e-19
-5.1750000000000815,8.657056490227483e-21,8.936251957288312e-21,1.302411332543098e-19
-5.165000000000082,2.5952021296703743e-21,2.6789109720741198e-21,3.904224583547004e-20
-5.155000000000082,7.659980152808254e-22,7.907089212570008e-22,1.1523317316508265e-20
-5.145000000000082,2.226069298535264e-22,2.2978916248926663e-22,3.3486934309257114e-21
-5.135000000000082,6.369471366649103e-23,6.575004987469628e-23,9.5813668169535e-22
-5.125000000000083,1.794406762039691e-23,1.8523173599060493e-23,2.699186244199303e-22
-5.115000000000083,4.9772603134189726e-24,5.1379115916741064e-24,7.486704194961812e-23
-5.105000000000083,1.3592863115354032e-24,1.403165693268298e-24,2.0445610920957833e-23
-5.095000000000083,3.654953598295854e-25,3.772954745883786e-25,5.4974373708726695e-24
-5.0850000000000835,9.676144794768765e-26,9.988580487277371e-26,1.4553601548595477e-24
-5.075000000000084,2.522154403825566e-26,2.6036028898189524e-26,3.793410989149862e-25
-5.065000000000084,6.472753662560221e-27,6.68180485940759e-27,9.735041376812565e-26
-5.055000000000084,1.6355125604359872e-27,1.688341135128168e-27,2.4597641825283704e-26
-5.045000000000084,4.068791193781738e-28,4.200232257621754e-28,6.11922208798572e-27
-5.0350000000000845,9.966048007784587e-29,1.028803515449292e-28,1.4988057542763159e-27
-5.025000000000085,2.4033994481643448e-29,2.4810582495531888e-29,3.614433384246279e-28
-5.015000000000085,5.706551287708994e-30,5.8909623222844216e-30,8.581835716101368e-29
-5.005000000000085,1.3340302285850632e-30,1.3771450519170143e-30,2.0061557460937443e-29
-4.995000000000085,3.0704441597979903e-31,3.169689295596509e-31,4.6173518552975974e-30
-4.985000000000086,6.957925086972315e-32,7.182848261742762e-32,1.046320133786304e-30
-4.975000000000086,1.552389676016862e-32,1.6025778033432637e-32,2.3344195466440582e-31
-4.965000000000086,3.410072796470104e-33,3.520330529574149e-33,5.127851036455218e-32
-4.955000000000086,7.375100289529483e-34,7.6135835454950695e-34,1.1090050130727975e-32
-4.945000000000086,1.570410060541324e-34,1.6211964088637218e-34,2.3614171339773694e-33
-4.935000000000087,3.2922936233455116e-35,3.39877553794603e-35,4.950539029474333e-34
-4.925000000000087,6.795539096685946e-36,7.015347356867859e-36,1.0218151665440336e-34
-4.915000000000087,1.3809841264590466e-36,1.4256577394725796e-36,2.0764993126907717e-35
-4.905000000000087,2.763079621945616e-37,2.852471720552252e-37,4.1546117231040557e-36
-4.8950000000000875,5.44335302932102e-38,5.619494391378308e-38,8.184090161224734e-37
-4.885000000000088,1.0579061363697192e-38,1.0922517980366688e-38,1.58754512795577e-37
-4.875000000000088,2.1417419692628844e-39,2.2173595945077253e-39,3.047665447196127e-38
-4.865000000000088,1.0678271126372476e-39,1.1368688134549254e-39,6.620228379331184e-39
-4.855000000000088,3.777611688567601e-39,4.085452931305287e-39,6.019113052063317e-39
-4.845000000000089,1.9656804034829202e-38,2.1276284946499476e-38,2.6496569715865005e-38
-4.835000000000089,1.024724413162848e-37,1.109181410060685e-37,1.3724743545772146e-37
-4.825000000000089,5.262338759670143e-37,5.696062358683962e-37,7.046605759790739e-37
-4.815000000000089,2.6605641349391034e-36,2.8798487582878147e-36,3.5626372369327345e-36
-4.805000000000089,1.3242900717587689e-35,1.4334385227526297e-35,1.7732945529524517e-35
-4.79500000000009,6.48943181080986e-35,7.024293051155596e-35,8.689692857889906e-35
-4.78500000000009,3.1307210450402443e-34,3.388756168942488e-34,4.192201272751644e-34
-4.77500000000009,1.4869495049815581e-33,1.609504403432949e-33,1.9911041314620264e-33
-4.76500000000009,6.95283971114793e-33,7.525895192785901e-33,9.310220574320384e-33
-4.7550000000000905,3.2006807868393123e-32,3.464482017138174e-32,4.285881071827997e-32
-4.745000000000091,1.4505632053106004e-31,1.5701191322123503e-31,1.9423809492948862e-31
-4.735000000000091,6.472098227060696e-31,7.005530827379363e-31,8.666482268531065e-31
-4.725000000000091,2.8429399838068552e-30,3.0772560919541702e-30,3.806847191710436e-30
-4.715000000000091,1.2294317708113685e-29,1.3307619675126833e-29,1.6462742480570127e-29
-4.7050000000000916,5.234260356023573e-29,5.665669925919209e-29,7.008951807110448e-29
-4.695000000000092,2.1939178354651114e-28,2.3747413110675745e-28,2.9377721648559477e-28
-4.685000000000092,9.053146437162154e-28,9.799309934009186e-28,1.2122642506263866e-27
-4.675000000000092,3.6778404118350666e-27,3.9809693053736995e-27,4.9248230786094164e-27
-4.665000000000092,1.470958311124759e-26,1.5921952097835093e-26,1.9696910760423746e-26
-4.655000000000093,5.791912564838195e-26,6.269284024894533e-26,7.75567764626601e-26
-4.645000000000093,2.2452141907002686e-25,2.4302655298486765e-25,3.0064607010136675e-25
-4.635000000000093,8.56855736467623e-25,9.274780860621951e-25,1.1473752075852334e-24
-4.625000000000093,3.2193766322215276e-24,3.484718780638056e-24,4.3109157988694875e-24
-4.6150000000000935,1.1908306796727052e-23,1.2889793609367021e-23,1.5945853428268012e-23
-4.605000000000094,4.3365303599615573e-23,4.693948709485853e-23,5.806843801352754e-23
-4.595000000000094,1.5547082968045275e-22,1.6828478985852772e-22,2.0818367420102894e-22
-4.585000000000094,5.48743753918875e-22,5.939714061101975e-22,7.34796946285674e-22
-4.575000000000094,1.906796790888049e-21,2.063955649539157e-21,2.553301881116263e-21
-4.5650000000000945,6.523090193831523e-21,7.06072556989242e-21,8.734763212415637e-21
-4.555000000000095,2.1969314365914396e-20,2.3780032942531343e-20,2.9418075363552196e-20
-4.545000000000095,7.284399769347568e-20,7.884782546987933e-20,9.754197050654786e-20
-4.535000000000095,2.3778540207608085e-19,2.5738375811105696e-19,3.1840724576639e-19
-4.525000000000095,7.641713570680019e-19,8.271546276842452e-19,1.0232659152883506e-18
-4.515000000000096,2.417744867553279e-18,2.6170162454526176e-18,3.2374884140161448e-18
-4.505000000000096,7.530855828488033e-18,8.151551600752389e-18,1.0084214765402303e-17
-4.495000000000096,2.3093637567167122e-17,2.499702325540769e-17,3.0923603670744757e-17
-4.485000000000096,6.971953896738593e-17,7.546584776240819e-17,9.335815481056063e-17
-4.4750000000000965,2.0721959293283126e-16,2.242987042839273e-16,2.7747800865199783e-16
-4.465000000000097,6.063470578155699e-16,6.563223944682235e-16,8.119308206980734e-16
-4.455000000000097,1.7467304116598815e-15,1.890696543331476e-15,2.3389645227054297e-15
-4.445000000000097,4.9538703632424014e-15,5.362170091831413e-15,6.6334947581846295e-15
-4.435000000000097,1.3831763096508075e-14,1.4971781850353527e-14,1.852146327404144e-14
-4.4250000000000975,3.8021092800733834e-14,4.11548045721217e-14,5.0912256740841344e-14
-4.415000000000098,1.0289299223391042e-13,1.113734686538551e-13,1.3777916549908408e-13
-4.405000000000098,2.741328920366979e-13,2.9672702091155636e-13,3.6707845967609314e-13
-4.395000000000098,7.190360205941583e-13,7.782992209868988e-13,9.628273095233202e-13
-4.385000000000098,1.8567536884549795e-12,2.0097879770965225e-12,2.486291516838551e-12
-4.375000000000099,4.7203270737766385e-12,5.109378082742539e-12,6.320767925883779e-12
-4.365000000000099,1.1814192357337547e-11,1.2787922224979007e-11,1.5819829210033906e-11
-4.355000000000099,2.9110531307984655e-11,3.150983148360626e-11,3.8980543026377375e-11
-4.345000000000099,7.061718071196806e-11,7.643747345393191e-11,9.456014464433213e-11
-4.335000000000099,1.6864938690559118e-10,1.8254952838202444e-10,2.2583046022631886e-10
-4.3250000000001,3.965274956811271e-10,4.2920943061461433e-10,5.309713156144658e-10
-4.3150000000001,9.178590542237954e-10,9.935093186220655e-10,1.2290618806614029e-09
-4.3050000000001,2.091668395023916e-09,2.2640644360041267e-09,2.8008547494541764e-09
-4.2950000000001,4.692711128441598e-09,5.0794860216303005e-09,6.2837887131144745e-09
-4.2850000000001005,1.0364991645136352e-08,1.1219277883341288e-08,1.3879272712675276e-08
-4.275000000000101,2.253866769797733e-08,2.4396312576439758e-08,3.018046963138063e-08
-4.265000000000101,4.8250483928698435e-08,5.222730569893197e-08,6.460995319338136e-08
-4.255000000000101,1.0169257752182816e-07,1.1007411535021341e-07,1.3617174667369148e-07
-4.245000000000101,2.1100414452298611e-07,2.283951799666805e-07,2.8254572377953416e-07
-4.235000000000102,4.3102937151350436e-07,4.6655496319724465e-07,5.771711548257605e-07
-4.225000000000102,8.668359083950729e-07,9.382808274666292e-07,1.1607391873737684e-06
-4.215000000000102,1.7162520574975222e-06,1.8577061531538447e-06,2.298152395389483e-06
-4.205000000000102,3.345333329187412e-06,3.6210568742793485e-06,4.479578494474962e-06
-4.195000000000102,6.419657719681155e-06,6.948768159467726e-06,8.596261673899288e-06
-4.185000000000103,1.2128259997400543e-05,1.3127875441583964e-05,1.6240382470072307e-05
-4.175000000000103,2.255793150779627e-05,2.4417164146040666e-05,3.020626503983374e-05
-4.165000000000103,4.130610067394104e-05,4.4710564023067885e-05,5.531105663846644e-05
-4.155000000000103,7.44634708915028e-05,8.060077641714044e-05,9.971053187414665e-05
-4.1450000000001035,0.0001321558840053871,0.00014304821870709232,0.0001769637297341399
-4.135000000000104,0.00023091060846810432,0.00024994234284662816,0.0003092015391550297
-4.125000000000104,0.0003972056544500954,0.0004299434864601058,0.0005318794208631137
-4.115000000000104,0.0006726685397517561,0.0007281101232911863,0.000900738832365202
-4.105000000000104,0.0011215043744626713,0.0012139391741491465,0.0015017538313575956
-4.095000000000105,0.0018408355533577284,0.0019925579024286707,0.00246497648154282
-4.085000000000105,0.0029747001042735493,0.0032198760156380655,0.003983281403992265
-4.075000000000105,0.004732444911980661,0.005122494874376216,0.006336995323064528
-4.065000000000105,0.0074121149085148025,0.008023024446718416,0.009925216523493525
-4.055000000000105,0.011429123806245672,0.012371117131056923,0.015304206667052232
-4.045000000000106,0.017349939973834484,0.01877993010883761,0.02323249833423057
-4.035000000000106,0.025929688584951312,0.028066826821549595,0.034721247011841566
-4.025000000000106,0.038151442725228336,0.04129590674318402,0.05108684533874991
-4.015000000000106,0.05526358431263559,0.05981844612293805,0.07400095392873499
-4.0050000000001065,0.07881006052169047,0.08530564911458226,0.10553102105346843
-3.9950000000001067,0.1106468248684823,0.11976644567328695,0.1481623066556822
-3.985000000000107,0.15293650151849011,0.16554171915794175,0.204790752666316
-3.975000000000107,0.2081126854827595,0.22526566945318424,0.2786752052601167
-3.9650000000001073,0.27880566431741,0.30178542166708733,0.3733379968103141
-3.9550000000001075,0.3677230685981226,0.398031854845728,0.4924052047757359
-3.9450000000001078,0.4774822750334583,0.516838216295724,0.6393823517712549
-3.935000000000108,0.6103963516944321,0.6607084636735963,0.8173679685988806
-3.925000000000108,0.7682217306796387,0.8315442022656244,1.0287160175947374
-3.9150000000001084,0.951883076278894,1.0303469708082684,1.2746679400894028
-3.9050000000001086,1.1611981175583774,1.2569205353906396,1.5549848857085227
-3.895000000000109,1.3946314052640243,1.5096045563176275,1.8676189914814536
-3.885000000000109,1.649109785523356,1.7850751455228024,2.208467731661655
-3.8750000000001092,1.919932688692211,2.0782481669105524,2.571255787028279
-3.8650000000001095,2.200806257294895,2.382316723923004,2.947583437081524
-3.8550000000001097,2.4840215691272483,2.6889447871535106,3.3271687332449797
-3.84500000000011,2.76078414319325,2.9886247634360936,3.698293182892926
-3.83500000000011,3.0216857051754924,3.2711892477901983,4.048438902812567
-3.8250000000001103,3.2572916787000312,3.5264482238296155,4.365081644387535
-3.8150000000001105,3.4588013632912213,3.7449050796936096,4.636581829643903
-3.8050000000001107,3.618724684694928,3.918490609796894,4.853098012770851
-3.795000000000111,3.731511902287952,4.0412460000785835,5.007436874417327
-3.785000000000111,3.794072209204352,4.109885249508194,5.095752965006549
-3.7750000000001114,3.8061242851992323,4.124175135236529,5.118020672728705
-3.7650000000001116,3.770335996772828,4.087086083590933,5.078219598751041
-3.755000000000112,3.69222999942237,4.004688462221987,4.984200618934288
-3.745000000000112,3.5798546258783346,3.8857933226457337,4.847230310566579
-3.7350000000001122,3.4432423937023557,3.741361535285191,4.681242507034652
-3.7250000000001124,3.2936990334195406,3.583727654267185,4.501853935595777
-3.7150000000001127,3.1429818701228975,3.42570228724185,4.325223178168707
-3.705000000000113,3.002436170721561,3.2796275749576362,4.1668464928234785
-3.695000000000113,2.8821610476156114,3.1564638825454394,4.040389367290099
-3.6850000000001133,2.790272872947915,3.064982135962743,3.956649125419661
-3.6750000000001135,2.7323247572938225,3.011126281437106,3.922732400861826
-3.6650000000001137,2.710926761615547,2.997595440807179,3.9415133125647444
-3.655000000000114,2.7255946064005756,3.0236770249293823,4.0114154784089555
-3.645000000000114,2.7728361813088105,3.0853419069980963,4.126535405783454
-3.6350000000001144,2.846466503775411,3.175592214345981,4.277098089798885
-3.6250000000001146,2.9381241632276205,3.2850327308117615,4.450209588522311
-3.615000000000115,3.0379468593843373,3.4026195957566663,4.63084769944508
-3.605000000000115,3.1353514704271497,3.516526174374018,4.803012431399537
-3.595000000000115,3.219856158331508,3.615056816183665,4.950944513376483
-3.5850000000001154,3.281879158250573,3.687535696584759,5.060314253848835
-3.5750000000001156,3.3134516232046565,3.7251006849512036,5.119285725822712
-3.565000000000116,3.308790245699212,3.7213412930207674,5.119372787658358
-3.555000000000116,3.2646887811359098,3.672734615483662,5.05602312293041
-3.5450000000001163,3.180704813626661,3.5788524012324237,4.928892451739904
-3.5350000000001165,3.0591372994773143,3.44233392782524,4.741800500692676
-3.5250000000001167,2.9048093811368827,3.268640691002588,4.502389741324943
-3.515000000000117,2.7246874071554528,3.065627486257789,4.221533705869655
-3.505000000000117,2.5273790544216497,2.8429780162259277,3.9125607137948024
-3.4950000000001173,2.3225596166934377,2.611560208845504,3.5903689516317
-3.4850000000001176,2.1203754862271444,2.3827564920493214,3.2705092983893076
-3.4750000000001178,1.9308681822885998,2.1678179626265637,2.9683038673096114
-3.465000000000118,1.763452419396618,1.9772803236423033,2.6980531089799666
-3.455000000000118,1.626469714837086,1.8204659485368966,2.472365622620474
-3.4450000000001184,1.526827184251081,1.7050830156718535,2.301626052745812
-3.4350000000001186,1.4697215311852274,1.6369216708171423,2.1936008194574406
-3.425000000000119,1.4584422711350888,1.6196402813919721,2.153171273564591
-3.415000000000119,1.4942465496351152,1.6546327476354188,2.182180221191719
-3.4050000000001193,1.5763001634599312,1.7409701619947027,2.2793802177879803
-3.3950000000001195,1.7016843494208622,1.875415514813629,2.4404788605936023
-3.3850000000001197,1.8654737316831693,2.052516602946111,2.6582848477086136
-3.37500000000012,2.0608954522685146,2.2647875180144474,2.9229657841881713
-3.36500000000012,2.2795810885716756,2.5029909994655055,3.222431827028659
-3.3550000000001203,2.51192022473957,2.7565311204905623,3.5428563477297326
-3.3450000000001205,2.747517119049561,3.01395779954709,3.869335207508169
-3.3350000000001208,2.97574043874868,3.263572182787855,4.186670803436217
-3.325000000000121,3.1863421018616993,3.4941067517043973,4.480247938052304
-3.315000000000121,3.370107144406634,3.6954385660254214,4.736948978627621
-3.3050000000001214,3.5194847850965223,3.8592811710031762,4.946039332815504
-3.2950000000001216,3.6291438802615166,3.9797930139339934,5.0999443804283215
-3.285000000000122,3.696395527215616,4.054039689408747,5.194838217640723
-3.275000000000122,3.7214325097992877,4.082254885224105,5.230974102988061
-3.2650000000001222,3.707349288450705,4.067860219129034,5.212705974707454
-3.2550000000001225,3.65992592875846,4.017225728028556,5.148177920905709
-3.2450000000001227,3.5871824700432735,3.9391781185943002,5.048690868063717
-3.235000000000123,3.4987339714448695,3.8442899586733748,4.9277891047171
-3.225000000000123,3.404997952149861,3.7440066172673325,4.800139520150299
-3.2150000000001233,3.3163225924485293,3.6496861187817133,4.680299982821262
-3.2050000000001235,3.2421139518008766,3.5716380330470283,4.581487368350704
-3.1950000000001237,3.1900425007247577,3.5182498642252287,4.514458805393551
-3.185000000000124,3.165403274231683,3.495282909405552,4.486611441629601
-3.175000000000124,3.1706906054669437,3.5054049448984,4.501387337796314
-3.1650000000001244,3.2054290671459187,3.5480058592405004,4.558042871886035
-3.1550000000001246,3.2662788343464197,3.6193165602962405,4.651808918885184
-3.145000000000125,3.3474084063430336,3.71282357716622,4.774432174251981
-3.135000000000125,3.44110283827874,3.819944347856417,4.915052625851086
-3.1250000000001252,3.538553633641311,3.930903776333017,5.061340612205244
-3.1150000000001254,3.630759303482876,4.0357335590230194,5.200792095433954
-3.1050000000001257,3.709454968796172,4.125303879570764,5.3220651312275695
-3.095000000000126,3.7679863522519423,4.192293575311187,5.416235641936927
-3.085000000000126,3.802048438050495,4.232010214916261,5.477857089281961
-3.0750000000001263,3.8102215301848608,4.242985221528645,5.505725957393071
-3.0650000000001265,3.7942561606550935,4.227289858538546,5.503281406179705
-3.0550000000001267,3.7590813468540767,4.190543419557914,5.478600353931277
-3.045000000000127,3.712535656035693,4.141612654503538,5.443985219205972
-3.035000000000127,3.6648448229807444,4.092028456021737,5.415176950303534
-3.0250000000001274,3.627890878230171,4.055169452247146,5.410257357652572
-3.0150000000001276,3.6143339608880263,4.045280271263679,5.448329346980001
-3.005000000000128,3.636658009410587,4.076403519943095,5.548079599201626
-2.995000000000128,3.70621495480865,4.1613085139134185,5.726334830187852
-2.985000000000128,3.8323392563621286,4.31049691007001,5.996720311540306
-2.9750000000001284,4.021596585844683,4.531356685081714,6.368518987789843
-2.9650000000001286,4.277218490524739,4.827522804278631,6.845812927549504
-2.955000000000129,4.598760332294444,5.198486946161113,7.426967787123289
-2.945000000000129,4.982003949827567,5.639481135741677,8.104497103298062
-2.9350000000001293,5.4191102877447355,6.1416421383267235,8.865317936581997
-2.9250000000001295,5.899011353445,6.6924456986954635,9.691383728793468
-2.9150000000001297,6.408015760725819,7.276382683159258,10.560655117101353
-2.90500000000013,6.930588200036089,7.875833347632838,11.448345782859505
-2.89500000000013,7.450250936960051,8.472081898174833,12.32835935467992
-2.8850000000001303,7.950545595273213,9.046402073723298,13.1748164217567
-2.8750000000001306,8.415986977124755,9.581136784791182,13.963559656607156
-2.8650000000001308,8.83293860318579,10.06069217389468,14.673521832489659
-2.855000000000131,9.190343053959122,10.472370038962003,15.287847858755356
-2.845000000000131,9.480249758265435,10.806973202057248,15.794678878855658
-2.8350000000001314,9.698098678725561,11.059136206792955,16.187533883974098
-2.8250000000001316,9.842739604134195,11.227357793538317,16.465260628850658
-2.815000000000132,9.916191739697386,11.313739939451356,16.63156975606897
-2.805000000000132,9.923174385840607,11.323467874584132,16.694209410088323
-2.7950000000001323,9.87046352905329,11.264092748266682,16.663876835450544
-2.7850000000001325,9.766147818996341,11.1446997377878,16.552992975067298
-2.7750000000001327,9.618867783450169,10.975056079628612,16.374481195375875
-2.765000000000133,9.437122318270394,10.764833604395168,16.140688961351774
-2.755000000000133,9.228715969690255,10.522988326468916,15.862570973520258
-2.7450000000001333,9.000400404903345,10.25735678163695,15.549216105359912
-2.7350000000001335,8.757736395517151,9.974498178831604,15.207753173179835
-2.7250000000001338,8.5051724553959,9.67977742413126,14.843618810534213
-2.715000000000134,8.246307403115523,9.377651710334407,14.461122096325791
-2.705000000000134,7.9842808315816125,9.07209746005066,14.064202344084283
-2.6950000000001344,7.722221148158697,8.767098739795516,13.657254248409226
-2.6850000000001346,7.463677404287731,8.46711490008286,13.2458914591964
-2.675000000000135,7.212968661686255,8.177454154471597,12.83753553015837
-2.665000000000135,6.975401430426443,7.9044990592861435,12.441748856639663
-2.6550000000001353,6.757328570653311,7.6557557176519495,12.070271933757962
-2.6450000000001355,6.5660479033716515,7.4397263755716185,11.736769799044252
-2.6350000000001357,6.4095614301321175,7.265630180172431,11.45633247414425
-2.625000000000136,6.296232956333956,7.143015273777726,11.244803347842836
-2.615000000000136,6.234390746758578,7.081314604297112,11.118023756115361
-2.6050000000001363,6.231921937321227,7.089397198767722,11.091080411890333
-2.5950000000001365,6.295897771838536,7.175157408077498,11.177626681029286
-2.5850000000001367,6.43225569732307,7.345169560642034,11.38932332711243
-2.575000000000137,6.64554914578933,7.604418242857376,11.735415109619618
-2.565000000000137,6.938761817174748,7.956098859159992,12.222432675928658
-2.5550000000001374,7.3131732850567115,8.401472365891378,12.85398977554702
-2.5450000000001376,7.768258523490854,8.939754011224307,13.630637277724952
-2.535000000000138,8.301605873983881,9.568018858463926,14.549738661808641
-2.525000000000138,8.908845042555054,10.281115578285133,15.605344952887952
-2.5150000000001382,9.58358686933436,11.071592019812872,16.788066860418212
-2.5050000000001384,10.317387206847902,11.929648345890643,18.084963358699305
-2.4950000000001387,11.09975565891924,12.843143042875212,19.479484224142112
-2.485000000000139,11.918234120116121,13.797681575645932,20.951515082937856
-2.475000000000139,12.758568922154597,14.77681566178892,22.477574888993992
-2.4650000000001393,13.604993954841346,15.762373179206211,24.03120694944997
-2.4550000000001395,14.440631419525701,16.73492586243696,25.583587009672975
-2.4450000000001397,15.248003654252624,17.674386274074603,27.104348301627248
-2.43500000000014,16.0096358276799,18.560709504903233,28.562597442608453
-2.42500000000014,16.7087172332007,19.374660989242834,29.928070347072556
-2.4150000000001404,17.329780014047497,20.098601560778803,31.172357113142144
-2.4050000000001406,17.859349408013372,20.717235562645506,32.270111551974566
-2.395000000000141,18.28651938535672,21.21826788037088,33.20015603631364
-2.385000000000141,18.603411700924482,21.592920985272386,33.946396101000325
-2.375000000000141,18.8054843493481,21.836272816605216,34.49847138235754
-2.3650000000001414,18.891666435216145,21.947389685336972,34.85208905190865
-2.3550000000001416,18.86430966596812,21.92924429368841,35.00901138157274
-2.345000000000142,18.728961081994097,21.788426264296845,34.976698498607476
-2.335000000000142,18.493976199217066,21.53466996148272,34.76763830932953
-2.3250000000001423,18.17000527277872,21.180240403104275,34.398425116054256
-2.3150000000001425,17.769396594267374,20.73923109729922,33.888673437861364
-2.3050000000001427,17.30556826265105,20.22683604691693,33.25987074940369
-2.295000000000143,16.792402491199567,19.658660468920658,32.53427942541333
-2.285000000000143,16.243713345465046,19.050129957592638,31.733992158846817
-2.2750000000001434,15.672829561580084,18.416045622133936,30.880225934225557
-2.2650000000001436,15.092319279189084,17.77031389693412,29.99290847933399
-2.255000000000144,14.513864542571712,17.12585610282531,29.09057108786649
-2.245000000000144,13.94827251275887,16.49467727742257,28.19051762397342
-2.235000000000144,13.405590326576467,15.888049827226752,27.309197404781685
-2.2250000000001444,12.895274480872335,15.316748910593367,26.462675907764154
-2.2150000000001446,12.426356285424392,14.791266454557338,25.66707765375406
-2.205000000000145,12.007544320735226,14.321931636925653,24.93887434068025
-2.195000000000145,11.647213772129223,13.918878310214255,24.294910049088774
-2.1850000000001453,11.353250356875924,13.591823189810302,23.75209282668961
-2.1750000000001455,11.132741202622915,13.349649860235886,23.326733853639524
-2.1650000000001457,10.991533093438916,13.199828462457901,23.033574744264524
-2.155000000000146,10.933705776231713,13.147734092659496,22.88460169123305
-2.145000000000146,10.96103011947443,13.195953116775726,22.88779298287038
-2.1350000000001463,11.072493943884401,13.343681155560251,23.045975765974376
-2.1250000000001465,11.263979572467116,13.58631630605864,23.355972955213527
-2.1150000000001468,11.528165525930648,13.915335226379032,23.808199472586793
-2.105000000000147,11.854701215781468,14.318509396266196,24.386820077632464
-2.095000000000147,12.230670765918134,14.78047784249287,25.070514399643354
-2.0850000000001474,12.641324583976553,15.283646373646045,25.833817147501208
-2.0750000000001476,13.071020300742118,15.809338430634819,26.648923625574657
-2.065000000000148,13.50428363544631,16.339085616088653,27.4877838401218
-2.055000000000148,13.926879363774425,16.855922452974827,28.32426258779864
-2.0450000000001483,14.326776154799123,17.34554373438877,29.136125117104577
-2.0350000000001485,14.694897917194016,17.79719530371041,29.90662145820637
-2.0250000000001487,15.02557756717353,18.20419890103855,30.625486094767147
-2.015000000000149,15.316663830272864,18.564054976796324,31.289237792491697
-2.005000000000149,15.569273201099907,18.878118318190715,31.900748129486267
-1.9950000000001493,15.787221935193584,19.15089309228694,32.46813548219665
-1.9850000000001495,15.97621122125652,19.389039546371375,33.00312227530809
-1.9750000000001497,16.1428674490918,19.600218119299054,33.519056700062535
-1.96500000000015,16.293755097584512,19.791913870101144,34.028837896694576
-1.9550000000001502,16.434480418545796,19.970382998587922,34.54299140217108
-1.9450000000001504,16.56899002236093,20.13984439390124,35.06811912562388
-1.9350000000001506,16.699141836933702,20.302005496431818,35.60589876844839
-1.9250000000001508,16.824590411138914,20.4559680075414,36.15273823720072
-1.915000000000151,16.942988840738256,20.598510930338293,36.70011019304156
-1.9050000000001512,17.050470696167576,20.72470213649146,37.23551038372133
-1.8950000000001515,17.142341882336403,20.828750659869797,37.74391044204135
-1.8850000000001517,17.21388813516039,20.904984564896093,38.209519610667066
-1.8750000000001519,17.261191369370902,20.948826256323418,38.617636306017516
-1.865000000000152,17.281848394242182,20.957639417798994,38.956362742020254
-1.8550000000001523,17.275498206043682,20.931338570851047,39.21797426082139
-1.8450000000001525,17.244087436476363,20.872681206373056,39.39977705512459
-1.8350000000001527,17.191834822151385,20.78720008114958,39.50434871773217
-1.825000000000153,17.12489126813059,20.682775384253798,39.53912877335029
-1.8150000000001532,17.050728331879256,20.5688885441595,39.515403099249085
-1.8050000000001534,16.97732084218101,20.45563703812114,39.44679852590423
-1.7950000000001536,16.91221528906627,20.35261870715288,39.34746384361628
-1.7850000000001538,16.861591612543194,20.2678115890215,39.230153960124326
-1.775000000000154,16.829430061228262,20.206579064866173,39.10444998156481
-1.7650000000001542,16.816886072246113,20.170919421346724,38.975337011045525
-1.7550000000001544,16.821955207645345,20.159054520405235,38.84232399282361
-1.7450000000001546,16.83947906838866,20.165416457661305,38.69922968167977
-1.7350000000001549,16.861505108108112,20.181047616854478,38.53468244176946
-1.725000000000155,16.87797270854544,20.194383224455695,38.33329800959947
-1.7150000000001553,16.87765960695798,20.192341780366636,38.07741874012849
-1.7050000000001555,16.84929154752862,20.161612899101346,37.74923023137559
-1.6950000000001557,16.782697886869634,20.09000864137936,37.33302512428677
-1.685000000000156,16.66988950398927,19.967736382604695,36.81736509584293
-1.6750000000001561,16.505943669877848,19.788459745545545,36.196902809465904
-1.6650000000001564,16.289602505716417,19.550038073115633,35.47366416109048
-1.6550000000001566,16.0235244686105,19.254871270392503,34.65765225413226
-1.6450000000001568,15.71416770154573,18.909820956959507,33.766710074748765
-1.635000000000157,15.371325026337574,18.525725186057766,32.82565921164393
-1.6250000000001572,15.007367737352714,18.116566839283937,31.864807442432134
-1.6150000000001574,14.636284718076737,17.698390203259123,30.917980075917264
-1.6050000000001576,14.27262154512199,17.28808250758937,30.020272339066395
-1.5950000000001578,13.930429571293589,16.902145411097308,29.205739434685455
-1.585000000000158,13.622327614340435,16.555575478688898,28.50523675682414
-1.5750000000001583,13.358760506034821,16.260954206596047,27.94459737782491
-1.5650000000001585,13.14751225940693,16.02782006492517,27.54329157082029
-1.5550000000001587,12.99350057859001,15.862361084352033,27.313659285107708
-1.545000000000159,12.898847637044993,15.767430743723502,27.26074707850356
-1.5350000000001591,12.863192971471129,15.742856133972085,27.38272177902139
-1.5250000000001593,12.884190828650063,15.785978826084913,27.671779248004704
-1.5150000000001596,12.958118365594174,15.892348011296487,28.115422388188342
-1.5050000000001598,13.080513834601359,16.056473887283566,28.697951443134343
-1.49500000000016,13.246765509167272,16.272547640878937,29.401994223550325
-1.4850000000001602,13.452582079000921,16.53504261017674,30.209905745823566
-1.4750000000001604,13.694292362953057,16.839128411974574,31.10488629775115
-1.4650000000001606,13.968944707776664,17.180854376610686,32.07170315252372
-1.4550000000001608,14.27420214898417,17.557088224213015,33.09695132996507
-1.445000000000161,14.608055735702168,17.965227595255534,34.16884838725133
-1.4350000000001613,14.968402567120988,18.40273238485121,35.27662088100729
-1.4250000000001615,15.35255424052491,18.866551189154183,36.4095982561386
-1.4150000000001617,15.756753033344355,19.35253211839149,37.556175432669505
-1.405000000000162,16.175775331003166,19.85491403122922,38.70283098277619
-1.395000000000162,16.60269366462436,20.365987385216425,39.833388285568745
-1.3850000000001623,17.028850627594295,20.87599450227957,40.928680433312266
-1.3750000000001625,17.444071716238412,21.373309084518425,41.96672796749811
-1.3650000000001627,17.837112942113368,21.844897996353566,42.923467903467724
-1.355000000000163,18.196307033276472,22.277029676499367,43.77399259967979
-1.3450000000001632,18.51034373153323,22.656158660260317,44.49417960362244
-1.3350000000001634,18.769099347856805,22.96988985641102,45.062530663516
-1.3250000000001636,18.964421570604912,23.207913468720136,45.46199982019633
-1.3150000000001638,19.090779116080498,23.3628038336387,45.68158341969512
-1.305000000000164,19.14570179854744,23.430592630342957,45.71747064654308
-1.2950000000001642,19.129962666454773,23.411056214191703,45.57360811422129
-1.2850000000001645,19.04748611889562,23.30769363684134,45.26160778199191
-1.2750000000001647,18.90499957722287,23.127410561602638,44.80001231420502
-1.2650000000001649,18.711476433416852,22.879958981269866,44.21301298410087
-1.255000000000165,18.4774404354737,22.577208506286674,43.52878029228949
-1.2450000000001653,18.214213584468638,22.23233879288307,42.77760747606836
-1.2350000000001655,17.93318995832301,21.8590433113134,41.99007721163227
-1.2250000000001657,17.645207416876907,21.47082314009218,41.19544216364672
-1.215000000000166,17.360070213783917,21.08042862578421,40.420365361710836
-1.2050000000001662,17.086251525197778,20.699480532074254,39.68810500420655
-1.1950000000001664,16.830779598882767,20.338275058135,39.01816051258308
-1.1850000000001666,16.599288204879585,20.00575280913029,38.426332968441585
-1.1750000000001668,16.396194164874004,19.709593472373342,37.92510244878198
-1.165000000000167,16.224953718864768,19.45638731945198,37.52419344424763
-1.1550000000001672,16.088345944452037,19.251832082582517,37.231190240257185
-1.1450000000001674,15.988734879554652,19.100908411403296,37.05207605575501
-1.1350000000001677,15.928271069555974,19.00799730799717,36.991599012215076
-1.1250000000001679,15.909006092170085,18.97691650616845,37.05340864762283
-1.115000000000168,15.93290813937177,19.010867481498643,37.23995168155568
-1.1050000000001683,16.001780986145988,19.11229867825261,37.552158187737035
-1.0950000000001685,16.117101005356318,19.282702106472723,37.98898345429764
-1.0850000000001687,16.279796120022812,19.52236874619315,38.54689262819261
-1.075000000000169,16.489996077305403,19.830132805881885,39.21938292690104
-1.0650000000001691,16.746785075943492,20.20313592295848,39.99663210364025
-1.0550000000001694,17.047985953547233,20.636640353254624,40.86534419123208
-1.0450000000001696,17.390000593510724,21.12391581495001,41.80883789646434
-1.0350000000001698,17.76772493714101,21.656218790339373,42.807393643044556
-1.02500000000017,18.17455005834379,22.22287659174653,43.83884645259758
-1.0150000000001702,18.602454156025793,22.811482078414272,44.87938728350117
-1.0050000000001704,19.04218476823425,23.40819904981181,45.90451769421277
-0.9950000000001706,19.483526358599942,23.998173223396954,46.890092958987694
-0.9850000000001709,19.915645582121876,24.566039211057397,47.81338681080999
-0.9750000000001711,20.327504514354878,25.09650966384527,48.65411535699767
-0.9650000000001713,20.708330163407588,25.57502825025754,49.39536611450069
-0.9550000000001715,21.04812585361499,25.98846290044081,50.024387965419194
-0.9450000000001717,21.33820594355292,26.325809559423256,50.53320686358635
-0.9350000000001719,21.57172963100148,26.57886974204971,50.919038879606234
-0.9250000000001721,21.74420273188297,26.742858201843433,51.184476367668005
-0.9150000000001723,21.853909390964223,26.81689128021393,51.33742562101637
-0.9050000000001726,21.902230329961878,26.804303645839802,51.39077730405313
-0.8950000000001728,21.893802377780325,26.712742930194484,51.36179664900823
-0.885000000000173,21.836477449319236,26.55399970746005,51.27123112523604
-0.8750000000001732,21.741049069828083,26.34354517198822,51.14215034721616
-0.8650000000001734,21.620731248797085,26.099770527917094,50.998556195402884
-0.8550000000001736,21.490397050552485,25.84294909843942,50.86382850602082
-0.8450000000001738,21.365610407214408,25.593971861625164,50.759099596261805
-0.835000000000174,21.261511367872444,25.372935962053173,50.70167455170785
-0.8250000000001743,21.191638290016733,25.197689710405164,50.70362857349735
-0.8150000000001745,21.166786693433245,25.082452811891887,50.77071350121612
-0.8050000000001747,21.19401053052512,25.036634036594055,50.901690393263976
-0.7950000000001749,21.27586566182727,25.06395864961449,51.08817372948273
-0.7850000000001751,21.40997720440511,25.16199483567998,51.315028099599424
-0.7750000000001753,21.58898377680847,25.322134148051482,51.561305308391695
-0.7650000000001755,21.8008757451314,25.530039422802744,51.80165549716436
-0.7550000000001758,22.029705787473894,25.76652953146736,52.00809753002726
-0.745000000000176,22.25661334302032,26.008829157909492,52.1519981756949
-0.7350000000001762,22.461074444327615,26.232078493386528,52.20609130152516
-0.7250000000001764,22.62226872167731,26.41097626165715,52.146369462880614
-0.7150000000001766,22.720448165474508,26.521422051499904,51.953699993953514
-0.7050000000001768,22.738197866338126,26.542030807935696,51.61505231440228
-0.695000000000177,22.661495946382274,26.45541182577855,51.12426699072364
-0.6850000000001772,22.480505279773777,26.249133403271706,50.48234355383629
-0.6750000000001775,22.19005946325869,25.91632814191397,49.69726688517165
-0.6650000000001777,21.789835663158964,25.45592813710026,48.78342620750771
-0.6550000000001779,21.28423368126567,24.872549868950365,47.760703498443014
-0.6450000000001781,20.682001077503283,24.176072414019977,46.6533189629473
-0.6350000000001783,19.99565701396684,23.38096802800548,45.488521630666774
-0.6250000000001785,19.24077258605505,22.505451075477303,44.295206202345895
-0.6150000000001787,18.435163921897875,21.570510882297242,43.10252653500618
-0.605000000000179,17.598048201268924,20.598888409441578,41.93856485984682
-0.5950000000001792,16.749204211134586,19.614048078777273,40.82910615236537
-0.5850000000001794,15.908170172703198,18.63918681821264,39.796559800980916
-0.5750000000001796,15.093503841142056,17.69631404061078,38.85906528866399
-0.5650000000001798,14.322124039046024,16.805429634065234,38.029813539491
-0.55500000000018,13.608748837728061,15.983822135159944,37.31660915374016
-0.5450000000001802,12.965442976508182,15.24550549524278,36.721689639748845
-0.5350000000001804,12.401284950629233,14.60080934805583,36.24180554909165
-0.5250000000001807,11.922161658901961,14.056133589475092,35.86855085998501
-0.5150000000001809,11.530695002583023,13.613872827482805,35.588917736509615
-0.5050000000001811,11.226300195050221,13.272509742767898,35.386036159568235
-0.4950000000001813,11.005370030878261,13.026868972250607,35.240049060899565
-0.4850000000001815,10.861573556984228,12.868515502422468,35.12906903799235
-0.4750000000001817,10.786252232646817,12.786274620444706,35.030163993315306
-0.46500000000018193,10.768892470216205,12.76684505751124,34.92032547681086
-0.45500000000018215,10.797650918022091,12.795473674060974,34.77738348200801
-0.44500000000018236,10.85990816436785,12.856659119257754,34.580842733940216
-0.4350000000001826,10.942827534048229,12.934853181105542,34.31262581540267
-0.4250000000001828,11.033897835657,13.01513150328924,33.95771592123765
-0.415000000000183,11.1214416269096,13.08380922063525,33.504695490722334
-0.4050000000001832,11.195073096613331,13.128981040023387,32.946176268535936
-0.3950000000001834,11.246091467692366,13.140968690041129,32.279112231717235
-0.38500000000018364,11.267796668185873,13.112661119864693,31.50498079548677
-0.37500000000018385,11.25571407170803,13.039734420647711,30.62981176677974
-0.36500000000018407,11.207714978977993,12.920739707396633,29.664039819422598
-0.3550000000001843,11.12402013849453,12.757049045034496,28.622156835691406
-0.3450000000001845,11.007076069097248,12.552653007956215,27.52214683355141
-0.3350000000001847,10.861299196678319,12.313809585853257,26.384699126845792
-0.3250000000001849,10.692691357465543,12.04855340339738,25.232214542309315
-0.31500000000018513,10.50834185035068,11.766086394502416,24.087643409491793
-0.30500000000018535,10.315844882744132,11.476085063949524,22.973219869819516
-0.29500000000018556,10.122675059636142,11.187973322649892,21.90918100180471
-0.28500000000018577,9.935575028049136,10.910221029718233,20.912576935181303
-0.275000000000186,9.760015850958204,10.64973408507028,19.99628525037157
-0.2650000000001862,9.599789865980028,10.41139987662457,19.168336214187
-0.2550000000001864,9.456786348202572,10.197840788879152,18.431633261913916
-0.24500000000018662,9.330982301736483,10.009408488759531,17.784116492252178
-0.23500000000018684,9.220655818730155,9.844424668925218,17.219369346763216
-0.22500000000018705,9.122800841671848,9.69964325872831,16.727616042372308
-0.21500000000018726,9.033694087297548,9.570879308816702,16.297007250407813
-0.20500000000018748,8.94954193838383,9.45372565199924,15.915051876199747
-0.1950000000001877,8.867121387272078,9.3442643132518,15.570030438694324
-0.1850000000001879,8.784327409593136,9.239678341062326,15.252224923506725
-0.17500000000018812,8.700550321602236,9.138682073977579,14.954822154235998
-0.16500000000018833,8.61682941751615,9.041712364314291,14.674390030638845
-0.15500000000018854,8.535760180052298,8.950856389707804,14.410882376605507
-0.14500000000018876,8.461166865551625,8.869528352789278,14.167190230715574
-0.13500000000018897,8.397584972228639,8.801941995129608,13.948315937643148
-0.12500000000018918,8.349624086254451,8.752453275033103,13.760292880816937
-0.1150000000001894,8.321297201109555,8.72486396729647,13.60900189637038
-0.10500000000018961,8.315405998037328,8.721780474295654,13.49904230065194
-0.09500000000018982,8.333062976058287,8.744113073611675,13.432801544545931
-0.08500000000019003,8.373412775425304,8.790781360712847,13.40983640637036
-0.07500000000019025,8.433589881504549,8.858665298651104,13.426636158373608
-0.06500000000019046,8.50892201249004,8.942812137128087,13.476791003971076
-0.055000000000190674,8.59336157567652,9.036881357975524,13.551543618793193
-0.04500000000019089,8.680104525533428,9.133785742279192,13.64066277458922
-0.0350000000001911,8.762338555866156,9.226468452004646,13.733548759267038
-0.025000000000191314,8.834051447223489,9.308744296323031,13.820461615783277
-0.015000000000191527,8.890825305159147,9.376127801040278,13.893754527423582
-0.00500000000019174,8.930542601645508,9.426570516809125,13.948994538230892
0.004999999999808047,8.953934543427033,9.461034356345799,13.98585967774585
0.014999999999807834,8.964910781793893,9.48383613260939,14.00871441511298
0.02499999999980762,8.970621708260548,9.502710832514904,14.026783911058583
0.03499999999980741,8.981220742424394,9.528557817812693,14.05387210733377
0.044999999999807194,9.009314355351439,9.574855452914303,14.107599791634625
0.05499999999980698,9.069111983697084,9.656755580826449,14.208176395795888
0.06499999999980677,9.175315641239337,9.789898940727877,14.376762252717787
0.07499999999980655,9.341818092420601,9.989024068979148,14.633523561391726
0.08499999999980634,9.580306048842496,10.266472321997798,14.995525905564765
0.09499999999980613,9.898887321984436,10.630716389215934,15.474648048385191
0.10499999999980592,10.300874263204776,11.085054680389353,16.07571960404471
0.1149999999998057,10.783856603850921,11.626615360624893,16.795088429704528
0.12499999999980549,11.339182602001701,12.245798924092632,17.61980241093133
0.13499999999980528,11.951937672653328,12.92625640121787,18.527544877892165
0.14499999999980506,12.601466146133976,13.645453407274987,19.48739590725791
0.15499999999980485,13.262428495699313,14.37581261313395,20.46140958584222
0.16499999999980464,13.906329270587724,15.086365329511443,21.40690930166344
0.17499999999980442,14.503397212413912,15.744784517791203,22.27932043548223
0.1849999999998042,15.024655894224594,16.31962459693508,23.03529372061583
0.194999999999804,15.443996944674186,16.78256471694359,23.635832602034352
0.20499999999980378,15.740062659197196,17.11044625795816,24.04913042756453
0.21499999999980357,15.897761873090138,17.28691364766928,24.25285008001651
0.22499999999980336,15.90928056477662,17.303508218188227,24.235636709493853
0.23499999999980314,15.774502056232318,17.160122638037134,23.997736124875797
0.24499999999980293,15.500813980443965,16.864790966355464,23.55068645203668
0.2549999999998027,15.102342377238015,16.432857882181324,22.91614656525099
0.2649999999998025,14.598709459163413,15.885631564431339,22.12400954416056
0.2749999999998023,14.01345414174896,15.248670855097176,21.210013061772656
0.2849999999998021,13.372278927371893,14.549883922122573,20.21309463441673
0.29499999999980187,12.701291426542834,13.817620760762871,19.172745645701465
0.30499999999980165,12.025394683003617,13.078926608074143,18.12659570857585
0.31499999999980144,11.36695087902365,12.35809131880497,17.108413478063618
0.3249999999998012,10.744802927349218,11.675586377027368,16.146649120473537
0.334999999999801,10.173693686433847,11.047432761175932,15.263576033159591
0.3449999999998008,9.6640787582078,10.484995506967968,14.47502363071035
0.3549999999998006,9.222290901850942,9.995159783015348,13.790636294060608
0.3649999999998004,8.850985528947229,9.5808123993516,13.214551079125103
0.37499999999980016,8.549779438603974,9.24153396284807,12.746361254110713
0.38499999999979995,8.315989220833131,8.974400706107632,12.38222457230032
0.39499999999979973,8.145380559693212,8.77480020487291,12.115982782577658
0.4049999999997995,8.032852974357386,8.637179549032986,11.940179185018412
0.4149999999997993,7.973003756290617,8.555665222303643,11.84689019440738
0.4249999999997991,7.960537246327416,8.524517985617148,11.828320795959955
0.4349999999997989,7.990508558305306,8.538410639400398,11.87714860958839
0.44499999999979867,8.058412166973643,8.592539253318174,11.98663367841029
0.45499999999979845,8.160143651426171,8.682597391343073,12.150538349418872
0.46499999999979824,8.291875978429417,8.80465661987119,12.362921634848098
0.47499999999979803,8.449899088105829,8.955004224451603,12.617883737585277
0.4849999999997978,8.63047266456216,9.129990070913394,12.90933808445346
0.4949999999997976,8.829736721913015,9.325928886783634,13.230879993151534
0.5049999999997974,9.043713419578241,9.539092413226623,13.575803584088844
0.5149999999997972,9.268417385607616,9.765809044882158,13.937293333649539
0.524999999999797,9.500072530925353,10.002668613788124,14.308786476079682
0.5349999999997967,9.735413308526766,10.246809431840546,14.68447108083501
0.5449999999997965,9.972030493740167,10.496246574495991,15.059856563151126
0.5549999999997963,10.208708778526336,10.750187687429401,15.432333227695722
0.5649999999997961,10.44569825892266,11.009277831433007,15.801629072414253
0.5749999999997959,10.684865700800419,11.275719465764482,16.17007778090511
0.5849999999997957,10.929684284793181,11.553227491627142,16.54263163434451
0.5949999999997955,11.185040704686704,11.846800514477732,16.926584463280513
0.6049999999997953,11.456862898866474,12.162314799173252,17.331007931818863
0.614999999999795,11.751596256876047,12.505972494813085,17.7659431107085
0.6249999999997948,12.075576634295166,12.88365619393261,18.24142188896098
0.6349999999997946,12.434361440702888,13.300254188537584,18.766413831691168
0.6449999999997944,12.832083466514936,13.759022955873593,19.347800445727987
0.6549999999997942,13.270885988297517,14.261045615813755,19.98947030398886
0.664999999999794,13.750484018355563,14.804829600605807,20.691607978879603
0.6749999999997938,14.267878822252833,15.386067377955628,21.45022245189492
0.6849999999997936,14.81723514161726,15.997565218870745,22.25693286421394
0.6949999999997933,15.389916669227679,16.629330686441946,23.09900691939254
0.7049999999997931,15.97466763987022,17.26880225425507,23.959633782208936
0.7149999999997929,16.55792738977282,17.901204637783323,24.818409895450312
0.7249999999997927,17.124268802652345,18.51001920153384,25.65202062741137
0.7349999999997925,17.6569574664677,19.077566588996795,26.435108446983147
0.7449999999997923,18.138632113251635,19.585704099166232,27.141323568739942
0.7549999999997921,18.552104857566324,20.016639282816854,27.744550317675106
0.7649999999997918,18.88126967088907,20.353851291433894,28.22028846666224
0.7749999999997916,19.11208941596288,20.583092608336088,28.547143323431282
0.7849999999997914,19.233608066070197,20.693418521682883,28.708344807434184
0.7949999999997912,19.238910026090558,20.678164969847998,28.693180705308723
0.804999999999791,19.1259285845541,20.53577347940255,28.49820113091691
0.8149999999997908,18.897996308914966,20.270351150827192,28.128038411134078
0.8249999999997906,18.564036198420826,19.8918589794762,27.595695773846657
0.8349999999997904,18.138315753354092,19.415845598408037,26.922192421520904
0.8449999999997901,17.639725826744527,18.862684849410254,26.135510421060214
0.8549999999997899,17.090598035412107,18.256330076897747,25.268864298142034
0.8649999999997897,16.515131830578103,17.622658518460792,24.35839744113311
0.8749999999997895,15.937556716965657,16.987536775216636,23.44048829106836
0.8849999999997893,15.380198056484128,16.374784030658546,22.548911495169122
0.8949999999997891,14.861639188738494,15.804235754844122,21.71213430556996
0.9049999999997889,14.395173582975707,15.290112082724766,20.951029796585598
0.9149999999997886,13.987717110204349,14.839870465804218,20.27725413278221
0.9249999999997884,13.639304622070288,14.453673991787682,19.692468583722107
0.9349999999997882,13.343232467224999,14.124540872217192,19.1884964421791
0.944999999999788,13.08683742274495,13.839165527576975,18.74840215180894
0.9549999999997878,12.85283203674597,13.57932726082057,18.34837819699031
0.9649999999997876,12.621055673575299,13.323738343592856,17.960237781914806
0.9749999999997874,12.370457254429521,13.050137525457561,17.55424898672829
0.9849999999997872,12.081104901577348,12.73741292743363,17.1020162233636
0.9949999999997869,11.736021373361547,12.367542067446296,16.579120141154508
