Energy_eV,Cd,Cl,Te
-8.995000000000001,18.91039443236184,36.254562842899425,66.24989953013053
-8.985,19.867737035699754,37.67811404423868,69.6044731369393
-8.975000000000001,20.804120189039203,39.01475576594436,72.88185886374656
-8.965,21.718352074502313,40.26711803028476,76.07654798513718
-8.955000000000002,22.607377602528345,41.43595002359601,79.17684194130676
-8.945,23.466059230320255,42.519832087640005,82.16433065216283
-8.935000000000002,24.287307694278866,43.515498756395715,85.01459681694591
-8.925,25.062561009069324,44.4187366085915,87.6991166177912
-8.915000000000003,25.782560387006512,45.22573060594317,90.18815231740776
-8.905000000000001,26.438327428942948,45.93465763357593,92.45427852987777
-8.895000000000003,27.02221440844402,46.547277062121964,94.47607379598904
-8.885000000000002,27.528883604381893,47.0702528206308,96.24145943278296
-8.875000000000004,27.956075129741844,47.51596281143377,97.75018749796834
-8.865000000000002,28.30504564586959,47.90260778710507,99.01506887009262
-8.855000000000004,28.580600156752958,48.253516668911516,100.06168116890278
-8.845000000000002,28.790690782407133,48.59564843990697,100.92648639562277
-8.835000000000004,28.945613293551737,48.95739925456155,101.6534954565877
-8.825000000000003,29.056886656992724,49.36592325152311,102.2898138066993
-8.815000000000005,29.135945451126148,49.8442533987633,102.88056258592566
-8.805000000000003,29.192803512094358,50.40855362027127,103.46377039646686
-8.795000000000005,29.234855399772076,51.06583844460074,104.0658573598924
-8.785000000000004,29.26596877896527,51.812459439897935,104.69828013747426
-8.775000000000006,29.28598710917641,52.63358212811343,105.35577970957516
-8.765000000000004,29.290712431158706,53.50377141079425,106.0164885087973
-8.755000000000006,29.27237904405623,54.38868044501041,106.64393365605552
-8.745000000000005,29.220568294446522,55.247712574631095,107.19074703306177
-8.735000000000007,29.123460550324623,56.03741405965827,107.60369003795986
-8.725000000000005,28.9692797677317,56.71527102645125,107.82944711717178
-8.715000000000007,28.74776400070825,57.24353775010616,107.82055661898654
-8.705000000000005,28.451494253697042,57.592720464441186,107.54083971844176
-8.695000000000007,28.076933801738694,57.744380947453735,106.96975697300131
-8.685000000000006,27.625067296314576,57.69300103809406,106.1052560876553
-8.675000000000008,27.10157818714419,57.44675219257421,104.96485400549267
-8.665000000000006,26.516557403797805,57.02712936744112,103.58489665695289
-8.655000000000008,25.883788697926654,56.46752121889585,102.01813442782719
-8.645000000000007,25.219700087851674,55.810885440829026,100.32991700056397
-8.635000000000009,24.542101588381755,55.10676884689954,98.59342984638478
-8.625000000000007,23.868844125632947,54.407950850897876,96.88445642994095
-8.615000000000009,23.21653287615758,53.7669955918331,95.27615398453221
-8.605000000000008,22.599412077362985,53.232975915482186,93.83428335842235
-8.59500000000001,22.028511175955167,52.84858898212145,92.61324774367878
-8.585000000000008,21.51110853872445,52.64782737492184,91.65318707840854
-8.57500000000001,21.050533564726592,52.654310130432755,90.97826070322722
-8.565000000000008,20.64629510820683,52.880322374974796,90.59614407250623
-8.55500000000001,20.29449680363726,53.32656485078747,90.49867526382951
-8.545000000000009,19.988480031445512,53.98257720265726,90.66351799284797
-8.53500000000001,19.719623435536093,54.82777053933941,91.05665960216562
-8.52500000000001,19.47822359902281,55.83298292934683,91.63553168420631
-8.515000000000011,19.25438350312095,56.96245319844152,92.35252296233793
-8.50500000000001,19.038842237269336,58.176091543558115,93.15864468487358
-8.495000000000012,18.82368963812094,59.431909617205946,94.007105900235
-8.48500000000001,18.602921912352077,60.68845940717455,94.85655992861479
-8.475000000000012,18.37280798084747,61.907122661995984,95.67379675329046
-8.46500000000001,18.13205069381013,63.05409486313384,96.43568282096287
-8.455000000000013,17.881741786062925,64.10192356888709,97.13019355242602
-8.445000000000011,17.62512404261404,65.03049256094621,97.75644661842692
-8.435000000000013,17.367188062015472,65.82739029932334,98.32372453241481
-8.425000000000011,17.114143468771466,66.48766039764908,98.849568346773
-8.415000000000013,16.872814474901517,67.01299692200321,99.35712146299537
-8.405000000000012,16.650016268744665,67.41050988681285,99.87199216246935
-8.395000000000014,16.451970823485773,67.6912370783841,100.41897252410354
-8.385000000000012,16.283817629087284,67.86860867993957,101.01898775251505
-8.375000000000014,16.14926625962795,67.95707479498527,101.68664434261038
-8.365000000000013,16.050423881773273,67.97108018304402,102.42869354940984
-8.355000000000015,15.98781274418145,67.92451706185922,103.24363011608366
-8.345000000000013,15.960571969633346,67.83071191965887,104.12251363243861
-8.335000000000015,15.96681674378743,67.70291596293944,105.05094589657253
-8.325000000000014,16.0041087149173,67.5551835877294,106.0119814459708
-8.315000000000015,16.069976562894396,67.4034521772348,106.98961131427893
-8.305000000000014,16.162417412001957,67.2665911917694,107.97236241010388
-8.295000000000016,16.280309536750682,67.16717712813907,108.95651294741643
-8.285000000000014,16.423675190547257,67.13177683892155,109.94844744623595
-8.275000000000016,16.593748823764994,67.19058270152243,110.9657635615063
-8.265000000000015,16.79282879631178,67.37633157602968,112.03688858591276
-8.255000000000017,17.02391733451427,67.72254335379611,113.19914853211745
-8.245000000000015,17.290180713008223,68.26121948441347,114.49543349441383
-8.235000000000017,17.594286042747463,69.02023202397285,115.96979272489442
-8.225000000000016,17.937689474997427,70.02069614112267,117.66244556386593
-8.215000000000018,18.319960660846174,71.27464414256362,119.60478871393863
-8.205000000000016,18.738228555154997,72.78330264772788,121.81500279662589
-8.195000000000018,19.186823961143446,74.53621805220355,124.29480783888266
-8.185000000000016,19.657175626398615,76.51138583258084,127.02779459621982
-8.175000000000018,20.137991306325446,78.67642785684694,129.97958176070486
-8.165000000000017,20.615725820232065,80.9907425947725,133.0998401420882
-8.155000000000019,21.075307911798234,83.40844054120429,136.32600938029486
-8.145000000000017,21.50106985175487,85.88178457749763,139.58833627413293
-8.13500000000002,21.877801015705707,88.36479287845069,142.815708970956
-8.125000000000018,22.191831390369487,90.81663693840801,145.9416651266788
-8.11500000000002,22.432044635171295,93.2044816555431,148.90992473484658
-8.105000000000018,22.590723671119466,95.50546629965653,151.67884200341206
-8.09500000000002,22.664144662517636,97.70760904047395,154.22428036012724
-8.085000000000019,22.652856739637123,99.80952506276407,156.54057874027941
-8.07500000000002,22.56161312007628,101.81896863306443,158.63947880183522
-8.065000000000019,22.39895193700801,103.75033115376394,160.54710094850105
-8.055000000000021,22.176459007124848,105.62133832534356,162.29926941906376
-8.04500000000002,21.90777655305106,107.44927875928934,163.93567067851916
-8.035000000000021,21.6074480907908,109.24715404900618,165.49346457220375
-8.02500000000002,21.28970722888169,111.02015928412175,167.0010382031154
-8.015000000000022,20.967324720803934,112.76287966320984,168.47258869493754
-8.00500000000002,20.650622653052338,114.45752388154175,169.90414133427646
-7.995000000000021,20.34674744723187,116.0734137026871,171.2714612809991
-7.985000000000022,20.0592661991046,117.56782150062404,172.5301158927637
-7.975000000000022,19.788116883920537,118.88810730639277,173.61771361375423
-7.965000000000022,19.529906172331884,119.97497006057688,174.45811165028627
-7.955000000000022,19.278513449403953,120.76651072742774,174.96717651485417
-7.9450000000000225,19.025930277579754,121.20272206918375,175.05952414876836
-7.935000000000023,18.763244296123677,121.22998145667715,174.65557819962294
-7.925000000000023,18.481667375505424,120.8051335081924,173.68827510480222
-7.915000000000023,18.17351013607929,119.89880632179909,172.1088110424236
-7.905000000000023,17.833017520750584,118.49769985189832,169.89095621573944
-7.8950000000000236,17.457000507399513,116.6057036735985,167.03363561505446
-7.885000000000024,17.045223953488566,114.24382711464682,163.5616667074253
-7.875000000000024,16.600536420930382,111.44904041512957,159.52472708923554
-7.865000000000024,16.128751392491708,108.27221662622094,154.9947761724295
-7.855000000000024,15.638308116402094,104.77542061811121,150.06225862617177
-7.845000000000025,15.13975305133749,101.02881026873868,144.83146681754658
-7.835000000000025,14.645089348422662,97.10739851650858,139.4154376147183
-7.825000000000025,14.167042850710674,93.08788183989329,133.9307164832341
-7.815000000000025,13.718290281603544,89.04568281315466,128.49225503744208
-7.8050000000000255,13.310690500943798,85.05229471846465,123.2086351131401
-7.795000000000026,12.95455466964453,81.1729663589133,118.17774913725913
-7.785000000000026,12.657987125979425,77.46473323563166,113.48302429486283
-7.775000000000026,12.426326262739046,73.97479028745269,109.19026115273577
-7.765000000000026,12.26171344973259,70.73920948874024,105.34516323756372
-7.7550000000000265,12.162817154181319,67.78202645983387,101.97165374563758
-7.745000000000027,12.124737553506137,65.11474480515852,99.07109642676691
-7.735000000000027,12.139112734997262,62.73632538228521,96.62254621945345
-7.725000000000027,12.19443996360004,60.633731715780364,94.58414006096334
-7.715000000000027,12.276614012227224,58.78308699163547,92.89569278845059
-7.705000000000028,12.369669530828176,57.15146135540002,91.48248679123117
-7.695000000000028,12.456697064421457,55.69925386858059,90.26014332944426
-7.685000000000028,12.520884516306364,54.38306860415821,89.14035026569489
-7.675000000000028,12.546619936114663,53.15891877424633,88.0371113272056
-7.6650000000000285,12.520579910840302,51.985537234442965,86.87309315950876
-7.655000000000029,12.432722626715778,50.82753607968845,85.5855939400711
-7.645000000000029,12.277107203398746,49.658149643314204,84.13165242371942
-7.635000000000029,12.052471526861547,48.461317481886944,82.49186378954715
-7.625000000000029,11.762518740652483,47.232915786727546,80.67256584025779
-7.6150000000000295,11.415885945244746,45.98102154626371,78.70619588571971
-7.60500000000003,11.025794829925172,44.72518444990958,76.64977893441825
-7.59500000000003,10.609409827387779,43.494775471964104,74.58167193894666
-7.58500000000003,10.186951906191862,42.32656635497541,72.59683659255597
-7.57500000000003,9.780632813100587,41.261760330022184,70.80102702839338
-7.565000000000031,9.41348389331112,40.34273396236958,69.30434662993704
-7.555000000000031,9.10815515600774,39.60975975894607,68.21464511660702
-7.545000000000031,8.885754785931418,39.09796036058461,67.63119588049754
-7.535000000000031,8.764788558752366,38.83470298091655,67.63902371380075
-7.525000000000031,8.760244908788373,38.83758523503935,68.30415871354018
-7.515000000000032,8.882857138372998,39.11309977268972,69.66998923049528
-7.505000000000032,9.138561504526624,39.65600381517068,71.75479007434751
-7.495000000000032,9.528160001636405,40.449367493720786,74.55042305752453
-7.485000000000032,10.047189998290197,41.465235738427225,78.02215153486664
-7.4750000000000325,10.685999012578453,42.66581338268389,82.10947962298187
-7.465000000000033,11.430020680070143,44.00507067218021,86.72791633063495
-7.455000000000033,12.260245917951288,45.430663466443384,91.77156784438264
-7.445000000000033,13.153880034252468,46.886065533293234,97.11646943285028
-7.435000000000033,14.085171130976693,48.31281629979793,102.62457422713115
-7.425000000000034,15.02638734494133,49.65279407810847,108.14831388741366
-7.415000000000034,15.948910758674275,50.85043116766143,113.53563303447257
-7.405000000000034,16.824405355631527,51.854793401053314,118.63537536852192
-7.395000000000034,17.626006774592273,52.62145330657948,123.30286721564902
-7.385000000000034,18.329474531180225,53.11409389150624,127.40550832108148
-7.375000000000035,18.91424429544122,53.30578964508993,130.82814567723727
-7.365000000000035,19.36431972806265,53.17992282897917,133.47798007570336
-7.355000000000035,19.668950607475242,52.730706169272025,135.28874269309182
-7.345000000000035,19.82305613852441,51.963297153863635,136.22388525375302
-7.3350000000000355,19.827368390180197,50.89350370225223,136.2785555149689
-7.325000000000036,19.688289249356476,49.54709555821967,135.48018118158924
-7.315000000000036,19.417473312704114,47.958750047281,133.88755835515022
-7.305000000000036,19.031166938974927,46.17067458166072,131.58843072061416
-7.295000000000036,18.549348597284123,44.230961124607816,128.6956454271079
-7.285000000000037,17.994726374468904,42.19173914545952,125.34207131845541
-7.275000000000037,17.39165424177404,40.107202541392645,121.6745540406043
-7.265000000000037,16.76502919094318,38.03159155330426,117.84725037611369
-7.255000000000037,16.139226984496347,36.017211941365666,114.01472302300459
-7.245000000000037,15.537125919138983,34.1125701016569,110.32518286959905
-7.235000000000038,14.979256998537018,32.360694572209184,106.91423926644393
-7.225000000000038,14.483106825871758,30.79770246774453,103.89946521969387
-7.215000000000038,14.062587950003362,29.451655460959465,101.37601288422479
-7.205000000000038,13.727681685835115,28.34173600486906,99.41343611651462
-7.1950000000000385,13.484251455105888,27.477762414040157,98.05380157708133
-7.185000000000039,13.33402068200649,26.860052338361207,97.31110565587147
-7.175000000000039,13.274707742962836,26.479638106102236,97.17196473418247
-7.165000000000039,13.30031030720987,26.318833178170316,97.59750959916653
-7.155000000000039,13.40153113353215,26.352144331123263,98.52638579622842
-7.1450000000000395,13.566335511406812,26.5475165373365,99.87873289722634
-7.13500000000004,13.780625945649529,26.867884590086426,101.56098024303094
-7.12500000000004,14.02901202950019,27.272986312121887,103.47125113690544
-7.11500000000004,14.295643350967183,27.721367534180516,105.50511340234472
-7.10500000000004,14.565062324118909,28.172481861399703,107.56135919245979
-7.095000000000041,14.823024352952435,28.58876325342769,109.54745324529452
-7.085000000000041,15.057227310260878,28.937532252843337,111.38427089377211
-7.075000000000041,15.257893214950677,29.192592661094395,113.00976808307102
-7.065000000000041,15.418153574704059,29.3353883610759,114.3812931948415
-7.0550000000000415,15.534206126685405,29.355620928190778,115.47636414383766
-7.045000000000042,15.605233119657562,29.251275490154892,116.29188389463768
-7.035000000000042,15.633096909692247,29.028059622609625,116.84193429585687
-7.025000000000042,15.621853641625258,28.698320116292194,117.15444707716935
-7.015000000000042,15.577146096735753,28.27955636702813,117.26717576479803
-7.0050000000000425,15.505548920891108,27.79268864335233,117.2234607910685
-6.995000000000043,15.413941218936982,27.260258464400593,117.06827852858983
-6.985000000000043,15.308972494688504,26.704734014000667,116.8449916230079
-6.975000000000043,15.19666961698625,26.147067056864024,116.59308393764258
-6.965000000000043,15.082208036364266,25.605604000908144,116.3469909458069
-6.955000000000044,14.969844066972692,25.09540007999439,116.13595499455779
-6.945000000000044,14.862981162183356,24.627930911783636,115.9846756965722
-6.935000000000044,14.764325662289636,24.21114836500017,115.91441577265307
-6.925000000000044,14.676079109978668,23.84979435535928,115.9441796840645
-6.9150000000000444,14.60011581131801,23.545870577463415,116.0916115627591
-6.905000000000045,14.53810492489997,23.299164607913617,116.37335216560092
-6.895000000000045,14.491553457646727,23.107750469205136,116.80473222527559
-6.885000000000045,14.46176655354908,22.96840944792901,117.39883446222565
-6.875000000000045,14.449740473368085,22.876948343079846,118.16509920861239
-6.8650000000000455,14.456018189440364,22.828421109759088,119.10775293242506
-6.855000000000046,14.480545119615055,22.81728104980226,120.22438686205285
-6.845000000000046,14.522562205378275,22.837501347091713,121.50499745986292
-6.835000000000046,14.580565858895245,22.882701326292455,122.93172671935864
-6.825000000000046,14.652351171006504,22.946306053983974,124.47942373267826
-6.815000000000047,14.735139002355094,23.021751189427874,126.1170124075626
-6.805000000000047,14.825772301773437,23.10272752546094,127.8095188884888
-6.795000000000047,14.920955036101056,23.183444511263758,129.5205091694339
-6.785000000000047,15.017500478498311,23.2588823531122,131.21462916902914
-6.775000000000047,15.112555146347535,23.324999702541433,132.85993365298225
-6.765000000000048,15.203770038194001,23.378868458111864,134.42973441771707
-6.755000000000048,15.289400567809322,23.418717341991975,135.90378095433985
-6.745000000000048,15.368328615024101,23.443879174448185,137.26869130960802
-6.735000000000048,15.440012069306363,23.454650296628714,138.51765774344796
-6.7250000000000485,15.504377050032367,23.45208179890533,139.64954336400461
-6.715000000000049,15.561674199369488,23.437729300691224,140.66754930368447
-6.705000000000049,15.612322460945817,23.413390267525415,141.57766096693734
-6.695000000000049,15.656761846523738,23.380855587077296,142.38707722965222
-6.685000000000049,15.695331820141863,23.341696543244232,143.1027948639863
-6.67500000000005,15.728185468504925,23.29710105925888,143.73047220757888
-6.66500000000005,15.755243017538817,23.24776576548122,144.27364245651177
-6.65500000000005,15.776182694609442,23.193844355343796,144.7332976703402
-6.64500000000005,15.790463166540075,23.134948499498492,145.1078260926222
-6.63500000000005,15.79737001654573,23.070195335548725,145.39326020128865
-6.625000000000051,15.79607869438022,22.998294777793824,145.58377990835712
-6.615000000000051,15.78572750043052,22.917669876457715,145.67241102830954
-6.605000000000051,15.765495749140687,22.82660348895962,145.65185921160847
-6.595000000000051,15.734683683881913,22.72340413116317,145.5154203506602
-6.5850000000000515,15.692791587326138,22.606582928773108,145.25790805091594
-6.575000000000052,15.639595726631217,22.47503230305933,144.87653716383963
-6.565000000000052,15.57521841700169,22.328195839066446,144.37170128083756
-6.555000000000052,15.500188864708825,22.16621818365995,143.74758394620272
-6.545000000000052,15.415490888392725,21.99006416259595,143.01255036585687
-6.5350000000000525,15.322593379288634,21.801597700477316,142.17927963361433
-6.525000000000053,15.223459580621645,21.603613406745477,141.26461641975047
-6.515000000000053,15.120531932644553,21.399816468903012,140.28914354471135
-6.505000000000053,15.016690221073492,21.194749296504263,139.27649971037732
-6.495000000000053,14.915181917381654,20.99366577771438,138.25248645712404
-6.485000000000054,14.819524773357244,20.80235583456718,137.24402236955308
-6.475000000000054,14.733382878412044,20.62692425230684,136.27800921328793
-6.465000000000054,14.660418559876046,20.47352882617713,135.38017425742282
-6.455000000000054,14.604123838547402,20.348084188015104,134.57394727087387
-6.4450000000000545,14.56763679868294,20.25593971983432,133.87942233236924
-6.435000000000055,14.553550285950104,20.201543033096872,133.31244661993153
-6.425000000000055,14.563722759633153,20.18810456598357,132.88387303048154
-6.415000000000055,14.599103654088262,20.217283492178908,132.59901172273476
-6.405000000000055,14.659587808678756,20.28891951069079,132.4573166350769
-6.3950000000000555,14.743914820354922,20.40083808289198,132.45234423869533
-6.385000000000056,14.84962893721787,20.548757113321948,132.57201975118804
-6.375000000000056,14.973112831090486,20.726319938923183,132.79923719809284
-6.365000000000056,15.109704007210702,20.92527225898889,133.1128015567142
-6.355000000000056,15.253895854363051,21.135789433516784,133.4886932658911
-6.345000000000057,15.399616970381409,21.346946292875938,133.90159976491898
-6.335000000000057,15.540573382410235,21.547305840945924,134.32662014746364
-6.325000000000057,15.670629864606624,21.725588106944187,134.74101408039087
-6.315000000000057,15.784200060531166,21.871368188592307,135.12584205457708
-6.3050000000000574,15.876611698573024,21.975745279178337,135.4673370445736
-6.295000000000058,15.944413601364284,22.03192360780274,135.75786149493035
-6.285000000000058,15.985595619493047,22.035652251499833,135.99633837574473
-6.275000000000058,15.99970061770354,21.985483157335857,136.18809709083382
-6.265000000000058,15.98781818810202,21.88282391989669,136.34413713883808
-6.2550000000000585,15.952461445233656,21.731781651624818,136.47987545110692
-6.245000000000059,15.897339519417296,21.538814090268637,136.61349789946706
-6.235000000000059,15.827047793722711,21.312221457550216,136.76407392231556
-6.225000000000059,15.74670448879878,21.06152558231154,136.9496110812368
-6.215000000000059,15.661565371535369,20.796790285219124,137.18522303900923
-6.20500000000006,15.576648177235134,20.527938727794172,137.48156299636887
-6.19500000000006,15.496395274383792,20.26411988524771,137.84364065264026
-6.18500000000006,15.424397930769675,20.01316859938785,138.27010082633504
-6.17500000000006,15.363199100302861,19.781193152007646,138.7530018214486
-6.16500000000006,15.31418468020502,19.572312288384374,139.27809529451127
-6.155000000000061,15.277566218771842,19.38855120006953,139.82557809543323
-6.145000000000061,15.252451392900387,19.22989392011801,140.37125948548098
-6.135000000000061,15.236992377856911,19.09447839957499,140.88806234119275
-6.125000000000061,15.228596621815313,18.978910590314015,141.34775281356315
-6.1150000000000615,15.224179722916187,18.878665536741842,141.72276942163637
-6.105000000000062,15.220436452608913,18.788537275521175,141.9880020614833
-6.095000000000062,15.214103989810127,18.703095887498037,142.12235848804755
-6.085000000000062,15.202191692764558,18.617110005200168,142.1099563172052
-6.075000000000062,15.182154698868146,18.525896973368123,141.94079796177505
-6.065000000000063,15.151994478099407,18.425570848080277,141.61082739310572
-6.055000000000063,15.110277907391943,18.313170114788917,141.1213306510965
-6.045000000000063,15.056076711619696,18.186661383360544,140.47772143606662
-6.035000000000063,14.988840001406118,18.044830764973018,139.6878393151348
-6.025000000000063,14.908222593333848,17.887089135817224,138.75996831209665
-6.015000000000064,14.813899227209458,17.713228931693806,137.70084410608126
-6.005000000000064,14.705398322540432,17.52317664253451,136.51394638180633
-5.995000000000064,14.581987655663204,17.316785538554903,135.19836059833332
-5.985000000000064,14.442638087942509,17.093706975834444,133.7484379026178
-5.9750000000000645,14.286080801989112,16.853366498214537,132.15438716534854
-5.965000000000065,14.110959701732746,16.595054414740872,130.40380976790954
-5.955000000000065,13.916065560180849,16.318121867497467,128.484051705135
-5.945000000000065,13.700624314565406,16.02225530875587,126.38511777834292
-5.935000000000065,13.464600760130644,15.707787493946023,124.10278850563802
-5.9250000000000655,13.20897259980493,15.375993899384605,121.64151874947251
-5.915000000000066,12.93592958047892,15.029321487098827,119.01668974476543
-5.905000000000066,12.648958698162964,14.671502574913415,116.25583795059559
-5.895000000000066,12.352788701654955,14.307519741191715,113.39859161035865
-5.885000000000066,12.053184020725253,13.943406651009585,110.4951977171311
-5.875000000000067,11.756597723911707,13.585892004288205,107.6036999818943
-5.865000000000067,11.469712633229623,13.24191647085081,104.7860093915906
-5.855000000000067,11.19891659593182,12.918072302240347,102.1032681972384
-5.845000000000067,10.949769649549392,12.620029351526085,99.61102238477932
-5.8350000000000675,10.726525486701366,12.352017210497317,97.35476842463798
-5.825000000000068,10.531766162456139,12.11642982398621,95.36641673917461
-5.815000000000068,10.366197390899009,11.913606248699637,93.6621160881997
-5.805000000000068,10.228633197997238,11.741820502262792,92.24171983632877
-5.795000000000068,10.116175353711354,11.597487237157438,91.08996673029228
-5.7850000000000685,10.024567946826316,11.47556175516648,90.17922310417353
-5.775000000000069,9.948684185385702,11.370086626246884,89.4734223327313
-5.765000000000069,9.883084452418544,11.274816800387036,88.9326725611563
-5.755000000000069,9.822574691800565,11.18384384353637,88.51791171216874
-5.745000000000069,9.76269414421663,11.092139813195404,88.19498616175396
-5.73500000000007,9.700071666177394,10.99595271925114,87.93761974608364
-5.72500000000007,9.632609120763075,10.893007103180567,87.72891170697899
-5.71500000000007,9.559475906248194,10.782491950666447,87.56123082540188
-5.70500000000007,9.480926734633321,10.664849603161487,87.43462296111755
-5.6950000000000705,9.3979808899968,10.541408626972165,87.35408022067163
-5.685000000000071,9.312021173055221,10.413926019754301,87.32619354817031
-5.675000000000071,9.22438127957479,10.284116002663131,87.35579687486992
-5.665000000000071,9.135989699878706,10.15324198897455,87.44319458186504
-5.655000000000071,9.047126479863458,10.021835264178385,87.58244700481166
-5.6450000000000715,8.957328366964393,9.889580704456149,87.76099081524349
-5.635000000000072,8.865451562147129,9.755380492097167,87.96062662981049
-5.625000000000072,8.769874034053117,9.617576292699368,88.15965791383384
-5.615000000000072,8.668795773796269,9.474283915593812,88.33575674635628
-5.605000000000072,8.560579420672745,9.323776475074157,88.46899975572242
-5.595000000000073,8.444067908479258,9.164845337197399,88.54448423557471
-5.585000000000073,8.31882088068205,8.997073481492896,88.55400510269965
-5.575000000000073,8.18522641152839,8.820972030658668,88.49643460364437
-5.565000000000073,8.044466240260089,8.637954513151765,88.37666961148777
-5.555000000000073,7.898337413244924,8.450150666264474,88.20325711183932
-5.545000000000074,7.7489567453665185,8.260087643385022,87.98503543429167
-5.535000000000074,7.5983930887400195,8.070287202222337,87.72729993722797
-5.525000000000074,7.448283304406134,7.8828398058234574,87.42809096630323
-5.515000000000074,7.299489768231025,7.6990191151402545,87.07519737490857
-5.5050000000000745,7.151850432589868,7.518993316280298,86.64437475800526
-5.495000000000075,7.00405849437188,7.341674817173749,86.09911171472548
-5.485000000000075,6.8536901404403565,7.164729835298127,85.39206769756463
-5.475000000000075,6.697378667830764,6.984747551241456,84.46808470581063
-5.465000000000075,6.53111445955064,6.7975480268121045,83.26847374869848
-5.455000000000076,6.350635284206598,6.5985916387077825,81.7361215925239
-5.445000000000076,6.151861820770049,6.383442147963951,79.82087100325289
-5.435000000000076,5.931329899558927,6.14823149620063,77.4846055221974
-5.425000000000076,5.686573513622015,5.890076814378603,74.70551496265854
-5.415000000000076,5.4164202763535725,5.607407984741389,71.48111938362226
-5.405000000000077,5.121172271764751,5.300175916888518,67.82977083693474
-5.395000000000077,4.802658516249034,4.969925733319411,63.790514546180376
-5.385000000000077,4.464158874385957,4.619733550355488,59.42135513279223
-5.375000000000077,4.110211776415083,4.254018917599987,54.79612187153966
-5.3650000000000775,3.74632830572963,3.8782559928731732,50.00024605725762
-5.355000000000078,3.3786423659471456,3.4986143196530177,45.12584407311845
-5.345000000000078,3.0135302943832425,3.121564192304347,40.266537008605326
-5.335000000000078,2.657233434334422,2.7534819912923174,35.51243159231325
-5.325000000000078,2.3155141227606437,2.400287856204975,30.94564184705208
-5.3150000000000786,1.9933698832569862,2.0671422489199176,26.63665378946931
-5.305000000000079,1.6948231328310044,1.7582201753773126,22.641736798747186
-5.295000000000079,1.4227953279279253,1.4765730439540719,19.001496534533647
-5.285000000000079,1.1790661213412625,1.2240793275513007,15.740557252755355
-5.275000000000079,0.9643106259414768,1.001477268982133,12.868266722923199
-5.26500000000008,0.7782019603521477,0.8084665500662245,10.380243131419306
-5.25500000000008,0.6195623235568841,0.6438616078460664,8.260535716078218
-5.24500000000008,0.4865440748591173,0.5057773121292989,6.48415126616505
-5.23500000000008,0.37682257939010344,0.39182791824622787,5.019705456078397
-5.2250000000000805,0.28778458742158664,0.2993222371020927,3.831986795261866
-5.215000000000081,0.21669916092140917,0.22544131263217293,2.88426533123121
-5.205000000000081,0.16086208345430617,0.16738897705993247,2.1402308204815355
-5.195000000000081,0.11770874204297868,0.12250988985573208,1.5654987786310324
-5.185000000000081,0.08489418696021542,0.08837356539752256,1.1286716493886273
-5.1750000000000815,0.06034212246008119,0.06282610121095564,0.8019820217822557
-5.165000000000082,0.0422667726878136,0.04401363464609421,0.5615730671357798
-5.155000000000082,0.02917286063768606,0.030382933550081377,0.3874877222863119
-5.145000000000082,0.019839410069668082,0.0206650428826084,0.2634436979076156
-5.135000000000082,0.013292887099888344,0.01384772634106209,0.17646825451875306
-5.125000000000083,0.008774535972939118,0.009141764544056265,0.11645747751840939
-5.115000000000083,0.0057058321464144805,0.0059452082161373185,0.0757121374419242
-5.105000000000083,0.003654951389104274,0.00380862077067915,0.04848845687072592
-5.095000000000083,0.002306172079774791,0.0024033225609023886,0.03058899773859203
-5.0850000000000835,0.0014332791467833374,0.0014937635463510147,0.01900759750694235
-5.075000000000084,0.0008773682668007223,0.0009144511439002235,0.011633409067800035
-5.065000000000084,0.0005289683918374405,0.0005513569864419243,0.007012756573847359
-5.055000000000084,0.0003140943595723073,0.00032740491411212887,0.004163495505382738
-5.045000000000084,0.00018367936860030112,0.0001914718296484267,0.002434455584383654
-5.0350000000000845,0.00010578371010252167,0.00011027588049898217,0.0014018709587662725
-5.025000000000085,5.9996343777696597e-05,6.254631565808907e-05,0.0007949974278301071
-5.015000000000085,3.350955790954194e-05,3.493486080775708e-05,0.00044398158191574045
-5.005000000000085,1.84306967393552e-05,1.9215149938741115e-05,0.0002441724519785262
-4.995000000000085,9.9824227930661e-06,1.0407542177925789e-05,0.0001322368810398029
-4.985000000000086,5.324073572182287e-06,5.550921628136409e-06,7.052209979123672e-05
-4.975000000000086,2.7961431598658936e-06,2.9153321446445205e-06,3.703460623342422e-05
-4.965000000000086,1.4460256756290802e-06,1.507686739345762e-06,1.9151105694750536e-05
-4.955000000000086,7.363569198078685e-07,7.677661244606338e-07,9.751645899787936e-06
-4.945000000000086,3.692253562560021e-07,3.849786492199018e-07,4.889391003601452e-06
-4.935000000000087,1.8229757769070776e-07,1.9007708179862196e-07,2.4139022511761304e-06
-4.925000000000087,8.862420889332957e-08,9.240686190539074e-08,1.1734601878475854e-06
-4.915000000000087,4.242307694840079e-08,4.423401323736129e-08,5.616902596285392e-07
-4.905000000000087,1.9995249859155244e-08,2.0848880761493646e-08,2.64729113562876e-07
-4.8950000000000875,9.279471490959127e-09,9.675654399316505e-09,1.2285123763128273e-07
-4.885000000000088,4.24022121523143e-09,4.42126285931433e-09,5.613418286094059e-08
-4.875000000000088,1.90774371334412e-09,1.9891985705417977e-09,2.5254721807921824e-08
-4.865000000000088,8.451141861957231e-10,8.811977944319364e-10,1.1187230748164436e-08
-4.855000000000088,3.686144873981079e-10,3.8435272931565097e-10,4.879385648982465e-09
-4.845000000000089,1.5830296217349964e-10,1.6506152977070482e-10,2.095405808732687e-09
-4.835000000000089,6.693657216212479e-11,6.979419083625926e-11,8.859917422152251e-10
-4.825000000000089,2.7867241573715955e-11,2.9056850211829124e-11,3.6884845945719756e-10
-4.815000000000089,1.1422969622325724e-11,1.191055792649628e-11,1.5118942730548448e-10
-4.805000000000089,4.6101722017596595e-12,4.806938611471146e-12,6.101667328047138e-11
-4.79500000000009,1.8319222288254844e-12,1.9101023575858127e-12,2.4245319315300595e-11
-4.78500000000009,7.16716577405832e-13,7.473001921404098e-13,9.485457853360096e-12
-4.77500000000009,2.760814734892121e-13,2.8786099304236114e-13,3.653747414851048e-12
-4.76500000000009,1.0470692940289187e-13,1.0917388903296029e-13,1.385694477227753e-12
-4.7550000000000905,3.909857699648986e-14,4.0766367730169746e-14,5.174211568268696e-13
-4.745000000000091,1.4374506311663188e-14,1.4987584108719848e-14,1.9022503417483398e-13
-4.735000000000091,5.203200195396279e-15,5.425088072692459e-15,6.885525249146055e-14
-4.725000000000091,1.854355317468987e-15,1.933422269552741e-15,2.4538701562859494e-14
-4.715000000000091,6.506680045630836e-16,6.784075511568804e-16,8.610144058507608e-15
-4.7050000000000916,2.247860388189422e-16,2.343678185326161e-16,2.97449248843557e-15
-4.695000000000092,7.645782673512035e-17,7.971645645879546e-17,1.0117152191858775e-15
-4.685000000000092,2.5604522571668924e-17,2.6695624739975277e-17,3.3880203132250956e-16
-4.675000000000092,8.44214783851339e-18,8.801844970131917e-18,1.1170572919635098e-16
-4.665000000000092,2.7405025703766677e-18,2.857250523973612e-18,3.626152355730031e-17
-4.655000000000093,8.758867247807588e-19,9.13194721888074e-19,1.1589301758483811e-17
-4.645000000000093,2.7561677750732796e-19,2.873547900421587e-19,3.646772014266936e-18
-4.635000000000093,8.538918407815653e-20,8.902520868570922e-20,1.1297948574909887e-18
-4.625000000000093,2.6045885998820663e-20,2.715480113864344e-20,3.4461149042162084e-19
-4.6150000000000935,7.82193202333353e-21,8.154904794357857e-21,1.0349006451199456e-19
-4.605000000000094,2.312741854261053e-21,2.4111787023884142e-21,3.059890507592472e-20
-4.595000000000094,6.732527096221523e-22,7.019040485392054e-22,8.907401725802308e-21
-4.585000000000094,1.929596529880211e-22,2.011701617236407e-22,2.5528995842760083e-21
-4.575000000000094,5.444926159647983e-23,5.67657643625678e-23,7.203666450943431e-22
-4.5650000000000945,1.512704902219489e-23,1.577052580638677e-23,2.0012911372690835e-22
-4.555000000000095,4.137641220357622e-24,4.313623908266064e-24,5.473982668327943e-23
-4.545000000000095,1.1142624951832016e-24,1.161647804660255e-24,1.4741195325496098e-23
-4.535000000000095,2.9543227974790314e-25,3.079941388764457e-25,3.9083891442623825e-24
-4.525000000000095,7.711943159414448e-26,8.039812084173161e-26,1.0202307250171549e-24
-4.515000000000096,1.982005410367149e-26,2.0662578444473734e-26,2.6220091208600805e-25
-4.505000000000096,5.015112749686272e-27,5.228270067444634e-27,6.634449647944041e-26
-4.495000000000096,1.249370170512165e-27,1.3024651379078538e-27,1.6527616399378722e-26
-4.485000000000096,3.064332257188632e-28,3.1945414144306924e-28,4.053683944056271e-27
-4.4750000000000965,7.399708154347648e-29,7.714095093668209e-29,9.788668264128519e-28
-4.465000000000097,1.7592480734391506e-29,1.8339827236065333e-29,2.327186214366097e-28
-4.455000000000097,4.117874181721256e-30,4.292783847286683e-30,5.447185931757262e-29
-4.445000000000097,9.48969635413295e-31,9.892728528381767e-31,1.255297170894579e-29
-4.435000000000097,2.153103090249501e-31,2.24453564407613e-31,2.84809184593742e-30
-4.4250000000000975,4.8096808661303613e-32,5.013914958116218e-32,6.362026625394245e-31
-4.415000000000098,1.0581364784148774e-32,1.1031286981675863e-32,1.3992599788283947e-31
-4.405000000000098,2.3090146089924146e-33,2.410441475549453e-33,3.0345539491113093e-32
-4.395000000000098,5.7952355610849785e-34,6.207661249550485e-34,6.704656954802773e-33
-4.385000000000098,5.413084954484301e-34,6.443050846129997e-34,2.5405001262949766e-33
-4.375000000000099,2.0982479215605868e-33,2.566060485645107e-33,5.889185012752996e-33
-4.365000000000099,9.682999583311766e-33,1.1858896055712996e-32,2.61941508146038e-32
-4.355000000000099,4.4402160770263733e-32,5.438335120224317e-32,1.1991649887997078e-31
-4.345000000000099,2.0053454083047777e-31,2.4561350956725586e-31,5.41542524964204e-31
-4.335000000000099,8.91653539870443e-31,1.0920920695828521e-30,2.4078983115237775e-30
-4.3250000000001,3.9031709604014304e-30,4.780581116177422e-30,1.0540458876782469e-29
-4.3150000000001,1.6821052773421226e-29,2.0602327718733832e-29,4.5425018734769656e-29
-4.3050000000001,7.136790071140212e-29,8.741099020562347e-29,1.9272802188740693e-28
-4.2950000000001,2.9810332477944486e-28,3.6511522051498897e-28,8.05023877012724e-28
-4.2850000000001005,1.225871268221598e-27,1.5014400084967294e-27,3.310448289252468e-27
-4.275000000000101,4.962917564609866e-27,6.0785526057718245e-27,1.3402289781110338e-26
-4.265000000000101,1.978077967389609e-26,2.422738405247676e-26,5.341772012568544e-26
-4.255000000000101,7.761825926337381e-26,9.506639314443569e-26,2.0960702873586465e-25
-4.245000000000101,2.9984619394393436e-25,3.672498769810225e-25,8.09730473886345e-25
-4.235000000000102,1.1403740640303946e-24,1.3967235314551624e-24,3.07956429358206e-24
-4.225000000000102,4.269826922961089e-24,5.2296592228853204e-24,1.153060821577425e-23
-4.215000000000102,1.5739370557125156e-23,1.927748968073521e-23,4.250395134667504e-23
-4.205000000000102,5.711873732585135e-23,6.995869791492739e-23,1.54248356305188e-22
-4.195000000000102,2.040722654020827e-22,2.4994652629003523e-22,5.510943179913692e-22
-4.185000000000103,7.178001127736495e-22,8.791574131674077e-22,1.9384092400985343e-21
-4.175000000000103,2.485634157324939e-21,3.04439029721021e-21,6.712420563206117e-21
-4.165000000000103,8.473933353882222e-21,1.037882443248129e-20,2.288373958925473e-20
-4.155000000000103,2.844114192515952e-20,3.4834545769315925e-20,7.680491007698095e-20
-4.1450000000001035,9.397734363450573e-20,1.1510290600407839e-19,2.53784517417682e-19
-4.135000000000104,3.0571267907162063e-19,3.744351191556995e-19,8.25572870998022e-19
-4.125000000000104,9.790793423696464e-19,1.1991707134203438e-18,2.6439902802975243e-18
-4.115000000000104,3.0869989023064493e-18,3.780938409171059e-18,8.336398127035831e-18
-4.105000000000104,9.582287880019256e-18,1.1736330857236804e-17,2.5876837175808527e-17
-4.095000000000105,2.928303627633188e-17,3.586569393624797e-17,7.907843985296437e-17
-4.085000000000105,8.810025180571142e-17,1.0790468106583163e-16,2.3791353308153846e-16
-4.075000000000105,2.6094702364945176e-16,3.1960641466911667e-16,7.046839113413003e-16
-4.065000000000105,7.609247328465899e-16,9.319762490646325e-16,2.054867026871508e-15
-4.055000000000105,2.1844655971611643e-15,2.675520970762267e-15,5.899120257921179e-15
-4.045000000000106,6.173946703702889e-15,7.561814733847017e-15,1.6672661671539436e-14
-4.035000000000106,1.717887432084344e-14,2.1040587757395585e-14,4.639132632669461e-14
-4.025000000000106,4.7058782901567175e-14,5.763733151529743e-14,1.2708163926129228e-13
-4.015000000000106,1.2691146097392846e-13,1.5544044497502401e-13,3.4272280107833553e-13
-4.0050000000001065,3.3695752899690097e-13,4.1270370399556197e-13,9.099496558877837e-13
-3.9950000000001067,8.807723208307355e-13,1.0787650752992201e-12,2.3785151026667708e-12
-3.985000000000107,2.2665553470034455e-12,2.7760646124744015e-12,6.1208065048266e-12
-3.975000000000107,5.7422643579439125e-12,7.033094454954192e-12,1.550692137864375e-11
-3.9650000000001073,1.4322348158402057e-11,1.7541936161819945e-11,3.86773514808167e-11
-3.9550000000001075,3.5168955520887746e-11,4.3074754261751215e-11,9.497342265991017e-11
-3.9450000000001078,8.501957396525697e-11,1.0413154430090661e-10,2.2959460932309294e-10
-3.935000000000108,2.0234505785561543e-10,2.478312360259315e-10,5.464312623565751e-10
-3.925000000000108,4.741115304980642e-10,5.806895726539614e-10,1.2803351398081384e-09
-3.9150000000001084,1.0936609151840752e-09,1.3395110014483796e-09,2.95342600813431e-09
-3.9050000000001086,2.483700056309386e-09,3.0420254351020502e-09,6.707224765116715e-09
-3.895000000000109,5.553028621021264e-09,6.801328128194919e-09,1.4995950573093117e-08
-3.885000000000109,1.2222921426358981e-08,1.497059231911377e-08,3.300802680454147e-08
-3.8750000000001092,2.6487106184926508e-08,3.2441330370192644e-08,7.152858062717651e-08
-3.8650000000001095,5.650780525529315e-08,6.921062961563572e-08,1.525998836469137e-07
-3.8550000000001097,1.1868528090426121e-07,1.4536554657568573e-07,3.2051136541799316e-07
-3.84500000000011,2.45414293083193e-07,3.005832634466941e-07,6.627464438939811e-07
-3.83500000000011,4.995943299228279e-07,6.119033487368356e-07,1.3491686560366079e-06
-3.8250000000001103,1.0012670255920699e-06,1.2263536036449874e-06,2.703958967977559e-06
-3.8150000000001105,1.975591835729018e-06,2.4197114978390696e-06,5.3351809259417875e-06
-3.8050000000001107,3.837598939558418e-06,4.700311481521876e-06,1.036367129992775e-05
-3.795000000000111,7.33900517224185e-06,8.988869612956818e-06,1.9819550581168135e-05
-3.785000000000111,1.3817525668895752e-05,1.692385038963854e-05,3.731556275401344e-05
-3.7750000000001114,2.5611742441948218e-05,3.136961924819748e-05,6.916758400884784e-05
-3.7650000000001116,4.6737348693275293e-05,5.724475188626444e-05,0.00012622114481112445
-3.755000000000112,8.396639981975616e-05,0.0001028439942661101,0.00022676660784697617
-3.745000000000112,0.00014851284162066802,0.00018190288587549477,0.0004010922567490984
-3.7350000000001122,0.00025860689805189634,0.0003167512416234341,0.0006984390166563502
-3.7250000000001124,0.00044333759331922006,0.0005430201917408854,0.0011973821571885912
-3.7150000000001127,0.0007482526470189583,0.0009165022950522622,0.002020963185120806
-3.705000000000113,0.0012433182029287075,0.0015229031424453298,0.0033582024337963693
-3.695000000000113,0.0020339391579994896,0.0024913436538994208,0.005493890920228741
-3.6850000000001133,0.003275795957907143,0.00401254038287023,0.008848713071734127
-3.6750000000001135,0.005194226293906706,0.00636255853886244,0.014031684592789986
-3.6650000000001137,0.008108720908916057,0.00993283896224813,0.02190647021767298
-3.655000000000114,0.01246275670642925,0.015266778814797542,0.03367222745767226
-3.645000000000114,0.018858605128921145,0.023102432365278258,0.050958065098209
-3.6350000000001144,0.02809589233202052,0.034419847963969734,0.07592791145197247
-3.6250000000001146,0.04121154539131752,0.05049016476540803,0.1113895469485629
-3.615000000000115,0.059517382519287364,0.07292191564437392,0.1608978968444818
-3.605000000000115,0.08463011123763506,0.10369816342246564,0.22883871678918322
-3.595000000000115,0.1184870834568347,0.1451963767002809,0.32047506589979574
-3.5850000000001154,0.16334009650608897,0.20018166642274837,0.44193618789349315
-3.5750000000001156,0.221719159608584,0.2717635636059125,0.600127503701649
-3.565000000000116,0.2963588180281437,0.36330735049287444,0.8025422891371243
-3.555000000000116,0.39008164562757797,0.47829342926735147,1.0569610594181573
-3.5450000000001163,0.5056370544029563,0.6201225313727656,1.3710341400008295
-3.5350000000001165,0.6454985849309078,0.7918706789268601,1.7517562141498977
-3.5250000000001167,0.8116290073175602,0.996005300376958,2.2048578743192717
-3.515000000000117,1.005229232463268,1.2340819793356386,2.73415658761906
-3.505000000000117,1.2264932693352253,1.506448826373742,3.340925465554813
-3.4950000000001173,1.4743961301088233,1.8119910210552788,4.023349760589509
-3.4850000000001176,1.7465435179669182,2.1479502613625234,4.776145027839622
-3.4750000000001178,2.039110362299902,2.5098515122019927,5.59040490655333
-3.465000000000118,2.3468892566156274,2.8915619367379106,6.453729246622008
-3.455000000000118,2.663459709439188,3.28549438918047,7.3506553694651595
-3.4450000000001184,2.9814757011509103,3.6829514453267658,8.263379230424224
-3.4350000000001186,3.293053957846559,4.074587657188212,9.172713756908735
-3.425000000000119,3.5902307851197266,4.450950237520528,10.059194753289631
-3.415000000000119,3.8654436740655864,4.803044685728712,10.904217089484114
-3.4050000000001193,4.111987438558857,5.1228646790226975,11.6910713199123
-3.3950000000001195,4.324394966024048,5.403826770861816,12.405757327697899
-3.3850000000001197,4.498700335348345,5.641060666223636,13.037477943226705
-3.37500000000012,4.632556397754721,5.83152412320204,13.57875905530512
-3.36500000000012,4.7251980125775965,5.973935373487043,14.025197379650445
-3.3550000000001203,4.77726308843477,6.068541685199707,14.374894058056892
-3.3450000000001205,4.790503019541459,6.116766069758361,14.627681830608742
-3.3350000000001208,4.767428771949615,6.120791135892758,14.784286608669117
-3.325000000000121,4.710946262450061,6.083146696524249,14.845574413252946
-3.315000000000121,4.624033532737267,6.006364537477839,14.812019346487098
-3.3050000000001214,4.509502816579074,5.892750294776428,14.683489677531185
-3.2950000000001216,4.369874668431166,5.744301056243614,14.459393747122416
-3.285000000000122,4.207371750635712,5.562771912778445,14.13916490482017
-3.275000000000122,4.024020124586993,5.349869719806727,13.72300610317528
-3.2650000000001222,3.8218293279298203,5.1075320809346385,13.212770301848838
-3.2550000000001225,3.603011783584096,4.8382373139880706,12.612829942052484
-3.2450000000001227,3.3701986147226357,4.545288580995149,11.93079075559692
-3.235000000000123,3.126612758217026,4.233022280057909,11.177930728957692
-3.225000000000123,2.8761700725020303,3.9069053066328485,10.369288574688778
-3.2150000000001233,2.623492631624537,3.5735047384705005,9.523379021808529
-3.2050000000001235,2.3738328231360706,3.240333165247428,8.661564897336822
-3.1950000000001237,2.132919566868388,2.9155897535215733,7.807159362069729
-3.185000000000124,1.9067469043318146,2.6078285610920924,6.984359237453747
-3.175000000000124,1.7013292975027423,2.325590257610819,6.21711907422509
-3.1650000000001244,1.5224472326247083,2.077031400271978,5.528066245282703
-3.1550000000001246,1.3754021457772685,1.8695781953676303,4.937534036986504
-3.145000000000125,1.2647929604217956,1.7096215971154276,4.462758889041727
-3.135000000000125,1.1943196224655237,1.6022603572515006,4.117256853024244
-3.1250000000001252,1.1666137486241617,1.551090713678461,3.9103695927792783
-3.1150000000001254,1.183094145827683,1.5580375303968323,3.8469564813325277
-3.1050000000001257,1.2438460005814629,1.6232225442602055,3.9272084378813585
-3.095000000000126,1.3475265894479675,1.7448704328294464,4.146569960753
-3.085000000000126,1.49130625063577,1.9192611380616758,4.495774536705421
-3.0750000000001263,1.6708593641815237,2.1407449853195786,4.96101958646265
-3.0650000000001265,1.8804243036673003,2.40184308984791,5.524323998265728
-3.0550000000001267,2.112952037450994,2.693457068161624,6.164118355981131
-3.045000000000127,2.3603591358172222,3.0052076393663283,6.85611120344045
-3.035000000000127,2.6138920961045438,3.3259108873417382,7.574452752971321
-3.0250000000001274,2.8645968269973734,3.6441846127990614,8.293182033057121
-3.0150000000001276,3.103871470726891,3.9491574090830297,8.987899170659736
-3.005000000000128,3.324064839905664,4.231232856520163,9.637558146489734
-2.995000000000128,3.5190693038252885,4.482844015562095,10.226234910370312
-2.985000000000128,3.68484856649894,4.699122547566821,10.744698945543615
-2.9750000000001284,3.8198394462874052,4.8784049112501595,11.191609382129483
-2.9650000000001286,3.925173534378827,5.022506543795064,11.574173000134685
-2.955000000000129,4.004679303698366,5.136713560117794,11.908140901616896
-2.945000000000129,4.064646433990285,5.2294685065848086,12.217079651897738
-2.9350000000001293,4.113359304585748,5.311758909408314,12.530924549418163
-2.9250000000001295,4.160432554629107,5.39625064911049,12.883898504965938
-2.9150000000001297,4.216004857874702,5.4962381378794145,13.3119501137002
-2.90500000000013,4.289864436440381,5.624505798377862,13.849919851936608
-2.89500000000013,4.390588950555049,5.792207333677604,14.528676844880733
-2.8850000000001303,4.524781982556092,6.007869060077754,15.372476174203316
-2.8750000000001306,4.696478416546979,6.2766111276558565,16.39676747953812
-2.8650000000001308,4.906772905249026,6.5996573909253105,17.606642287543597
-2.855000000000131,5.1537016739860855,6.9741739966403395,18.996045579025765
-2.845000000000131,5.4323811965994535,7.393442328776651,20.54780409068349
-2.8350000000001314,5.735381102747928,7.847338051089599,22.23444820507634
-2.8250000000001316,6.0532861540437395,8.323058649004874,24.019734330775048
-2.815000000000132,6.375385768390754,8.806020380072887,25.8607176143125
-2.805000000000132,6.690420986431075,9.280834038056394,27.710185975999973
-2.7950000000001323,6.987318507214782,9.73226819879796,29.519248782814017
-2.7850000000001325,7.2558489456322,10.146118034453162,31.23987738623935
-2.7750000000001327,7.487160315846725,10.509915511924987,32.82721825836172
-2.765000000000133,7.674155766968655,10.813440066256833,34.2415384911187
-2.755000000000133,7.811704269221341,11.049014390732456,35.449712420060806
-2.7450000000001333,7.896691740077683,11.211594497396774,36.426210741207356
-2.7350000000001335,7.927935801614648,11.298683752021557,37.15360333527711
-2.7250000000001338,7.905998353639358,11.310115005079826,37.62262847602288
-2.715000000000134,7.832935572500588,11.247752041295973,37.831909989963144
-2.705000000000134,7.7120247577260255,11.115161245693916,37.78741801170466
-2.6950000000001344,7.547502355918192,10.917297534215178,37.50176821671631
-2.6850000000001346,7.344338794044797,10.660236931290852,36.99344097002275
-2.675000000000135,7.108065111477272,10.350973911593233,36.28597968805951
-2.665000000000135,6.844655540771023,9.997287125006483,35.407202017599374
-2.6550000000001353,6.56046072519618,9.607664549358368,34.38843361015631
-2.6450000000001355,6.262179352747952,9.191270100469588,33.26375702515907
-2.6350000000001357,5.956852261254514,8.75792917063174,32.06926073316312
-2.625000000000136,5.651862554918079,8.318110530394229,30.842276164534546
-2.615000000000136,5.35492744175704,7.882885796153134,29.620602642048233
-2.6050000000001363,5.074071411864836,7.463853915677754,28.44173704562862
-2.5950000000001365,4.817574881928953,7.073025215119047,27.34214197617836
-2.5850000000001367,4.5938964255680865,6.722665865812019,26.35659754437777
-2.575000000000137,4.411569356977345,6.425107903540825,25.51768326392633
-2.565000000000137,4.27907434802814,6.192531516851525,24.855425593570164
-2.5550000000001374,4.2046890709812565,6.036725307386755,24.39712404383556
-2.5450000000001376,4.1963141901740695,5.968827416253044,24.167338010208077
-2.535000000000138,4.261273329488368,5.999047121246269,24.187983558476795
-2.525000000000138,4.406083967593547,6.136364246455211,24.47846140298557
-2.5150000000001382,4.636197434448032,6.388203806140723,25.055721075540298
-2.5050000000001384,4.955709755562016,6.760086507939496,25.934166701338683
-2.4950000000001387,5.367050892740096,7.255262069389203,27.12532875765176
-2.485000000000139,5.870667231343262,7.874340920492303,28.63726200157972
-2.475000000000139,6.464719737796573,8.614949231648215,30.473677398425064
-2.4650000000001393,7.144826565792503,9.47144037724065,32.63286797080847
-2.4550000000001395,7.903882572206534,10.434700982823516,35.10653668637092
-2.4450000000001397,8.731988103913341,11.492090093261183,37.87867110023146
-2.43500000000014,9.616515004174442,12.62754497695028,40.92462872923001
-2.42500000000014,10.54232922736057,13.821876801100348,44.210596128086095
-2.4150000000001404,11.492177575265016,15.05326491399892,47.6935634360058
-2.4050000000001406,12.447232213959948,16.297941462790632,51.321917438088434
-2.395000000000141,13.38777238914001,17.531040605776063,55.03670439933648
-2.385000000000141,14.293969702841535,18.727570657363696,58.77355438726876
-2.375000000000141,15.14673276345501,19.863454790186754,62.46519685472843
-2.3650000000001414,15.92855989070205,20.91657752422825,66.04443782539491
-2.3550000000001416,16.624345323893195,21.86777067749299,69.44741647678954
-2.345000000000142,17.22208513768152,22.701673755286794,72.61691720934247
-2.335000000000142,17.713433636961874,23.407409601535484,75.50548619093489
-2.3250000000001423,18.094069053405065,23.97902605722689,78.07809250271484
-2.3150000000001425,18.363838500798757,24.415667864411564,80.31408662089476
-2.3050000000001427,18.526665905238815,24.72145960204074,82.20824529620141
-2.295000000000143,18.590222434481824,24.90509943354625,83.77075235824617
-2.285000000000143,18.565376025983873,24.979184046196593,85.02604733688023
-2.2750000000001434,18.4654538823196,24.959306163303573,86.01057260553296
-2.2650000000001436,18.30536787881557,24.862985778305205,86.76955633333547
-2.255000000000144,18.10066608229471,24.708512796875045,87.3530716325348
-2.245000000000144,17.866582317309216,24.513789927422803,87.8116993871704
-2.235000000000144,17.61715843622911,24.295268454452863,88.19218132362485
-2.2250000000001444,17.364509636686,24.0670645469758,88.5334713029781
-2.2150000000001446,17.118291554603474,23.840329497797796,88.86357101829643
-2.205000000000145,16.885409585170343,23.62292442322394,89.19747090060223
-2.195000000000145,16.669987526018318,23.419420367386355,89.53641326309193
-2.1850000000001453,16.47358657974334,23.23141142738224,89.86856282118275
-2.1750000000001455,16.295639911329207,23.05809517409086,90.17102388495994
-2.1650000000001457,16.134045403751134,22.897045299826136,90.4130000703327
-2.155000000000146,15.985842813743874,22.745079834873312,90.55976784898112
-2.145000000000146,15.847893381877807,22.599117426197175,90.57704441278312
-2.1350000000001463,15.717481331782729,22.456915851113923,90.43528440778606
-2.1250000000001465,15.592767700041813,22.317601454500693,90.11344546889657
-2.1150000000001468,15.473046478952856,22.18192427207873,89.60181980184493
-2.105000000000147,15.358778938155044,22.052208451029276,88.90363292688076
-2.095000000000147,15.251411152247359,21.932007176842955,88.03525002143704
-2.0850000000001474,15.153008597462449,21.825510820581428,87.02498924223784
-2.0750000000001476,15.065766476045283,21.73679133644041,85.91070102924786
-2.065000000000148,14.991471825221517,21.66899035617327,84.73641285237377
-2.055000000000148,14.931000935976002,21.623569282031557,83.5484420069331
-2.0450000000001483,14.883931836735819,21.59973494466249,82.39143109392893
-2.0350000000001485,14.848336769640259,21.594134087503484,81.30475457742506
-2.0250000000001487,14.820795444912477,21.600876285901478,80.31968125254423
-2.015000000000149,14.796639544734898,21.61190215178312,79.4575659270113
-2.005000000000149,14.770406608968187,21.617667560521884,78.729200700901
-1.9950000000001493,14.736451633784231,21.60807160547194,78.13530326143771
-1.9850000000001495,14.689641735081748,21.573522186831205,77.6679792189932
-1.9750000000001497,14.62604639491611,21.506013446050318,77.31288778403704
-1.96500000000015,14.54353493953272,21.400086448899877,77.05177912611555
-1.9550000000001502,14.442204006081141,21.25355882836435,76.8650633343504
-1.9450000000001504,14.324579059995475,21.067938168392807,76.73411169676268
-1.9350000000001506,14.195562266943188,20.84847322808934,76.6430696382998
-1.9250000000001508,14.062130032026156,20.603840797351367,76.58006018456197
-1.915000000000151,13.932812918497213,20.345507811110693,76.53775833202168
-1.9050000000001512,13.817014572838252,20.08684277567592,76.51340301934869
-1.8950000000001515,13.724241913262308,19.84207354251304,76.50837218204654
-1.8850000000001517,13.663324809662475,19.62519800472274,76.52747206270931
-1.8750000000001519,13.641699919058828,19.448950546125964,76.57808606255713
-1.865000000000152,13.664821680138154,19.323912084794685,76.66929840127847
-1.8550000000001523,13.735746085272378,19.257828690393133,76.81106479185257
-1.8450000000001525,13.854912562117011,19.25517700194805,77.01345819871025
-1.8350000000001527,14.020128905040155,19.31698792358675,77.28598277383605
-1.825000000000153,14.226746072420951,19.440916561768017,77.6369299127664
-1.8150000000001532,14.467995503708629,19.62152829822388,78.07274928504324
-1.8050000000001534,14.735452319989935,19.85075932981937,78.59742272930505
-1.7950000000001536,15.019583504228468,20.118504937323436,79.21185496774628
-1.7850000000001538,15.310340419658921,20.413289292251818,79.91332538778157
-1.775000000000154,15.597758845199875,20.722975304465137,80.69507259586541
-1.7650000000001542,15.872535812823106,21.035480068811776,81.54610187143706
-1.7550000000001544,16.12655952742319,21.339469042567753,82.45131039651191
-1.7450000000001546,16.35337518782215,21.62500849841855,83.3920134259017
-1.7350000000001549,16.548574483157353,21.884159744432793,84.3469255536904
-1.725000000000155,16.710099180092904,22.11149934210748,85.29360607339095
-1.7150000000001553,16.83844935588347,22.304547075214117,86.21031937765343
-1.7050000000001555,16.936784926340145,22.464078544620058,87.07819589822373
-1.6950000000001557,17.01090626709193,22.594293617805533,87.8835139777064
-1.685000000000156,17.06909754422161,22.70280780366062,88.6198678444982
-1.6750000000001561,17.121816701290378,22.800433467194757,89.28995191982636
-1.6650000000001564,17.181220568985673,22.900723890506725,89.90668665102885
-1.6550000000001566,17.260523322439113,23.01926691103362,90.49344280743625
-1.6450000000001568,17.373201534524227,23.17273622556812,91.0831918113661
-1.635000000000157,17.53207812168194,23.377735742956897,91.71651512690013
-1.6250000000001572,17.74833806802345,23.649502235066457,92.4385353268996
-1.6150000000001574,18.030547533797638,24.000559359840462,93.29496892616667
-1.6050000000001576,18.38376105727341,24.439436819189176,94.32762684356857
-1.5950000000001578,18.808805708646183,24.96957738556311,95.56978289800885
-1.585000000000158,19.30182408300822,25.588548709457598,97.04187815039015
-1.5750000000001583,19.854139509737813,26.287655411589792,98.74802003361391
-1.5650000000001585,20.45247839894133,27.0520118058748,100.67366957393784
-1.5550000000001587,21.079549689148056,27.8610909823465,102.78479595812475
-1.545000000000159,21.714944656531802,28.689717945855822,105.028630890648
-1.5350000000001591,22.33628710645904,29.509429772764463,107.3359955939745
-1.5250000000001593,22.92053890488684,30.29009047223324,109.62502157337985
-1.5150000000001596,23.44535226685675,31.001626910276407,111.80596015216338
-1.5050000000001598,23.890359603797194,31.61574684369392,113.78668750517963
-1.49500000000016,24.238303324241933,32.107510235000504,115.4784669175822
-1.4850000000001602,24.47592920970959,32.45664765791443,116.80152721330839
-1.4750000000001604,24.594594035191626,32.64855026124073,117.69004973790848
-1.4650000000001606,24.590566740130793,32.674889384872614,118.0962172913805
-1.4550000000001608,24.465028860197812,32.53385592714854,117.99305800802257
-1.445000000000161,24.223801344259563,32.23003661882943,117.37590781386935
-1.4350000000001613,23.87683995019817,31.773964800410667,116.2624114055908
-1.4250000000001615,23.43755016992722,31.181397084752945,114.69108027472122
-1.4150000000001617,22.92197616297416,30.472375569617554,112.71852459307703
-1.405000000000162,22.34791808247636,29.670139727861944,110.41557065461438
-1.395000000000162,21.734030001702937,28.79995425812955,107.86256212507169
-1.3850000000001623,21.09894741681198,27.88791982499447,105.14421437625762
-1.3750000000001625,20.46048928558612,26.95983260682744,102.34443765900812
-1.3650000000001627,19.83497433686169,26.04015493383475,99.54155745865083
-1.355000000000163,19.236684131416006,25.151151692536338,96.80433162381738
-1.3450000000001632,18.67749531668546,24.312234502461344,94.18909059234619
-1.3350000000001634,18.16669047653271,23.53953772097006,91.73821233437135
-1.3250000000001636,17.710941592907957,22.84572820163681,89.47999775323424
-1.3150000000001638,17.314444040331693,22.240026926916723,87.42985216897131
-1.305000000000164,16.97916462675189,21.72839875757876,85.59252572232067
-1.2950000000001642,16.705157169209613,21.31385060280301,83.96504291418452
-1.2850000000001645,16.490895793681588,20.9967718301888,82.5398790525839
-1.2750000000001647,16.33358091280783,20.775255790206806,81.3079322993399
-1.2650000000001649,16.229385497082284,20.645357871416557,80.2608975717028
-1.255000000000165,16.17362795524453,20.601271048907645,79.39276475977051
-1.2450000000001653,16.160879323839772,20.63542977862921,78.70032004890348
-1.2350000000001655,16.185032263377046,20.738581272817886,78.18269945504863
-1.2250000000001657,16.239373236669024,20.899883412062273,77.84019883924094
-1.215000000000166,16.316703761606753,21.107095699116815,77.67265791653529
-1.2050000000001662,16.40955006711866,21.3469209865924,77.67778791936652
-1.1950000000001664,16.51048335403912,21.605531605514063,77.84979577012919
-1.1850000000001666,16.61254797603447,21.869277670773947,78.17857696514652
-1.1750000000001668,16.70976685449208,22.125534174067052,78.64962194015291
-1.165000000000167,16.797667941361105,22.363604999974655,79.24463211255083
-1.1550000000001672,16.873758013718135,22.57557423087936,79.94270116759887
-1.1450000000001674,16.937864712243435,22.756984430996116,80.72181125309838
-1.1350000000001677,16.992276530960034,22.907231426300648,81.56034183133687
-1.1250000000001679,17.041632779774954,23.029595062060338,82.43829917016788
-1.115000000000168,17.092548126103708,23.130871342117498,83.33804263906902
-1.1050000000001683,17.152993903054735,23.220625946242592,84.24439479214544
-1.0950000000001685,17.23149462474337,23.310143313474516,85.14415261641018
-1.0850000000001687,17.33622687399907,23.41119008785899,86.02514126802055
-1.075000000000169,17.4741239866973,23.534739137255187,86.87504520128478
-1.0650000000001691,17.6500909588008,23.689805907791886,87.68029746103116
-1.0550000000001694,17.866419569006418,23.882531648124438,88.42529821853385
-1.0450000000001696,18.12246625789798,24.115610970633,89.09217108941942
-1.0350000000001698,18.414619362857273,24.388110530095965,89.66116268584528
-1.02500000000017,18.736543684617722,24.69566964892484,90.11166654246858
-1.0150000000001702,19.07965512193809,25.031021518926785,90.4237296886225
-1.0050000000001704,19.43375155892107,25.384733309461616,90.57980072845291
-0.9950000000001706,19.787712022282342,25.746041060425036,90.56641999662702
-0.9850000000001709,20.130175899140685,26.103653482254686,90.37554568827392
-0.9750000000001711,20.450126979434888,26.446417112698487,90.00525663328771
-0.9650000000001713,20.73733045575825,26.76376985061909,89.45966559098554
-0.9550000000001715,20.98260046500484,27.045954378030633,88.74800198876221
-0.9450000000001717,21.177906247123513,27.28400970998065,87.88296010508986
-0.9350000000001719,21.316351606158662,27.469600331642404,86.87853589665662
-0.9250000000001721,21.392081078624074,27.59477153764525,85.7476724121715
-0.9150000000001723,21.400174539464867,27.65173232322614,84.50008397629529
-0.9050000000001726,21.336589214231637,27.632761937329484,83.14062406602602
-0.8950000000001728,21.198195324336304,27.530314365936114,81.6685005044886
-0.885000000000173,20.98293146278258,27.33736050285979,80.07753229391847
-0.8750000000001732,20.690081821283385,27.04796631873211,78.35750044632661
-0.8650000000001734,20.320653406761622,26.658063483537664,76.49649081034741
-0.8550000000001736,19.87781090355677,26.166332887135674,74.48398217271111
-0.8450000000001738,19.367312528856424,25.57509637790669,72.31431828278667
-0.835000000000174,18.797883632290915,24.89110097394991,69.99013376187166
-0.8250000000001743,18.181466250322885,24.126083800272205,67.5252901957414
-0.8150000000001745,17.53329163446667,23.297023985048046,64.94692134933139
-0.8050000000001747,16.871737452912775,22.426016916373737,62.29627907377579
-0.7950000000001749,16.21795000634151,21.539742693506753,59.62820149769621
-0.7850000000001751,15.59523235813895,20.668539882599408,57.009175702487084
-0.7750000000001753,15.02821980310454,19.845133470362352,54.514119725545726
-0.7650000000001755,14.541882842651637,19.10309839853106,52.222145548017636
-0.7550000000001758,14.16041330814799,18.475164284344306,50.21167059528588
-0.745000000000176,13.90606025651452,17.99148089892313,48.555309387794445
-0.7350000000001762,13.79798783578585,17.677966744567172,47.314993704375404
-0.7250000000001764,13.851226948441226,17.554854758436424,46.537738847356735
-0.7150000000001766,14.075786194646318,17.63553092351503,46.25240049709072
-0.7050000000001768,14.475975842635181,17.92573550710654,46.467660957250786
-0.695000000000177,15.049982705304533,18.423165715702805,47.17135850431019
-0.6850000000001772,15.78971565071517,19.11748625631681,48.3311441683328
-0.6750000000001775,16.680923251567357,19.990724290795256,49.896331795513674
-0.6650000000001777,17.703568988550032,21.018000872363967,51.80071303517127
-0.6550000000001779,18.832437223647645,22.168534581777553,53.966048623601395
-0.6450000000001781,20.03793577360573,23.40684580915969,56.30592556407355
-0.6350000000001783,21.2870581953284,24.694091453344694,58.72968529753136
-0.6250000000001785,22.5444696534615,25.989467728740706,61.146173987104845
-0.6150000000001787,23.773682540176175,27.251630192044864,63.467131649852085
-0.605000000000179,24.93828970210932,28.440091547684307,65.61010900899231
-0.5950000000001792,26.003222446131055,29.51656620935042,67.5008669965447
-0.5850000000001794,26.935996646926217,30.446234106369435,69.07526405979802
-0.5750000000001796,27.707903744938264,31.19889459573426,70.28066568307172
-0.5650000000001798,28.29509593777084,31.749976050666195,71.0769189867343
-0.55500000000018,28.67950903900291,32.081360547591856,71.43692779207335
-0.5450000000001802,28.84956512579795,32.181979449839005,71.34684810853442
-0.5350000000001804,28.800602484331975,32.048137637045144,70.80590936934578
-0.5250000000001807,28.53499352404063,31.683533519027538,69.82586014171169
-0.5150000000001809,28.0619316837289,31.098958929810134,68.43004240257717
-0.5050000000001811,27.39689370179147,30.311685805819884,66.65211567311391
-0.4950000000001813,26.5608105829649,29.344572018584486,64.53447753649766
-0.4850000000001815,25.579005303007833,28.224942925088232,62.126454190485916
-0.4750000000001817,24.479974245981296,26.98332436071609,59.48235714363745
-0.46500000000018193,23.294100154728184,25.652114189715114,56.6595148255827
-0.45500000000018215,22.052386128955952,24.264281982556817,53.71638838413098
-0.44500000000018236,20.785293682802127,22.85218047400516,50.71087013163763
-0.4350000000001826,19.52175515562429,21.446540206293186,47.6988445588972
-0.4250000000001828,18.288414711684776,20.07570313119548,44.73307070190229
-0.415000000000183,17.10913577477463,18.765135146444834,41.86242621453582
-0.4050000000001832,16.00479868108581,17.53724450449711,39.1315420129294
-0.3950000000001834,14.993402664439522,16.411525121959485,36.58085443800421
-0.38500000000018364,14.090482549688609,15.405042886528097,34.24711072004963
-0.37500000000018385,13.309854024412424,14.533290730270412,32.16438368453257
-0.36500000000018407,12.664713500154253,13.811456257604302,30.365684074318892
-0.3550000000001843,12.169141057410942,13.25617608192454,28.885305640035114
-0.3450000000001845,11.84008952908935,12.887895659365986,27.762102243087078
-0.3350000000001847,11.699990392515266,12.734013189502775,27.04398008908438
-0.3250000000001849,11.780166658754037,12.833059287646732,26.79399109237078
-0.31500000000018513,12.12530931335137,13.240244061936139,27.098527588589405
-0.30500000000018535,12.799336284401537,14.034776467148724,28.078225715239945
-0.29500000000018556,13.892993504876147,15.329405339426721,29.902252583089048
-0.28500000000018577,15.533551137933504,17.282616475985154,32.806634139410846
-0.275000000000186,17.89686327047531,20.11380755337574,37.11711775984341
-0.2650000000001862,21.221862967499703,24.12151201755039,43.276692680944464
-0.2550000000001864,25.827227151393686,29.704318739820977,51.87725616665442
-0.24500000000018662,32.12945053529661,37.383516059144995,63.69398118718904
-0.23500000000018684,40.66092067438349,47.82568450489158,79.71972271605571
-0.22500000000018705,52.085825740997116,61.86252001348914,101.19536699555523
-0.21500000000018726,67.21093210821445,80.50418688728955,129.6305306731609
-0.20500000000018748,86.98756281626552,104.94162877004682,166.80768593475028
-0.1950000000001877,112.50065116923095,136.53270545843773,214.76192687867757
-0.1850000000001879,144.9407192355715,176.76700040837906,275.7285468318201
-0.17500000000018812,185.55521771934139,227.204880120227,352.0517029979867
-0.16500000000018833,235.57699930465427,289.388053276229,446.0499629306779
-0.15500000000018854,296.1298367631958,364.7215425180841,559.8385590384544
-0.14500000000018876,368.11377114360874,454.33055988840874,695.1135924688977
-0.13500000000018897,452.07646373977695,558.8999942652839,852.9098103504177
-0.12500000000018918,548.0802495554158,678.5086046930918,1033.3502169827084
-0.1150000000001894,655.5777368542568,812.4739293594181,1235.4117046497984
-0.10500000000018961,773.310978856403,959.2266338469036,1456.7349961966067
-0.09500000000018982,899.2498860180516,1116.233819751633,1693.508400065647
-0.08500000000019003,1030.5842015296585,1279.9891362314931,1940.4523446041944
-0.07500000000019025,1163.7798152996074,1446.0831162940613,2190.9249812203134
-0.06500000000019046,1294.7045534049669,1609.3601339548998,2437.1585341679415
-0.055000000000190674,1418.8213273043311,1764.159340922035,2670.6224254293693
-0.04500000000019089,1531.4384798720225,1904.626913241545,2882.4940592128096
-0.0350000000001911,1627.9993933789008,2025.0772521802785,3064.2035250831245
-0.025000000000191314,1704.3870921748542,2120.372890293684,3208.0065623103274
-0.015000000000191527,1757.2157446931244,2186.2880801209258,3307.5329238386403
-0.00500000000019174,1784.080413700005,2219.820347086143,3358.256231722332
0.004999999999808047,1783.7394326474237,2219.4180596886595,3357.8371143337376
0.014999999999807834,1756.2101693948941,2185.100022836558,3306.303426061474
0.02499999999980762,1702.767913549884,2118.454284119669,3206.048237089245
0.03499999999980741,1625.8480034860963,2022.5162794305368,3061.64581111404
0.044999999999807194,1528.8616734878433,1901.539363853606,2879.5052900134747
0.05499999999980698,1415.9450326357678,1760.6819091340967,2667.398608530738
0.06499999999980677,1291.6669051562592,1605.643029565631,2433.91104877587
0.07499999999980655,1160.7242142244352,1442.2826850546098,2187.8683971421547
0.08499999999980634,1027.6529590211526,1276.2611302457767,1937.7934737565809
0.09499999999980613,896.5789413373518,1112.727833863211,1691.4374750782033
0.10499999999980592,771.0260199208201,956.082050096875,1455.4195656952352
0.1149999999998057,653.791877526003,809.8175161364288,1234.9934886987135
0.12499999999980549,546.8932419925686,676.453727918786,1033.9448275190425
0.13499999999980528,451.5752749127573,557.5472383907721,854.6089527238287
0.14499999999980506,368.3742427602906,453.7694424975876,697.9891554988177
0.15499999999980485,297.2190840588117,365.0329444728231,563.947886540677
0.16499999999980464,237.55618483909987,290.6469739946051,451.4415774406001
0.17499999999980442,188.48235346325484,229.48315495461276,358.77080689456324
0.1849999999998042,148.87319209129373,180.13567031863465,283.82173314509316
0.194999999999804,117.49722135222189,141.06379388677723,224.280665160504
0.20499999999980378,93.10964113875436,110.70914514985728,177.81028445191657
0.21499999999980357,74.52299522595654,87.58423375524761,142.18239930233887
0.22499999999980336,60.65487668697744,70.33243001399782,115.36750969641767
0.23499999999980314,50.554948410382956,57.762158210637615,95.5854774670029
0.24499999999980293,43.41489195061759,48.8597777272649,81.32410789893854
0.2549999999998027,38.56549291572976,42.786361123842624,71.33355993732593
0.2649999999998025,35.46505736714688,38.863566733292885,64.6044681501255
0.2749999999998023,33.68290586547563,36.5532532170729,60.3368105787065
0.2849999999998021,32.8809882103526,35.434616554700156,57.905229293797206
0.29499999999980187,32.795859187475976,35.181640475054294,56.82500016795952
0.30499999999980165,33.22247415878136,35.54268852997213,56.721381746917174
0.31499999999980144,34.00058284837279,36.32322828487304,57.303799727820476
0.3249999999998012,35.003962172473734,37.37201686541068,58.34532147482563
0.334999999999801,36.132346018078806,38.570605979860645,59.667164679052
0.3449999999998008,37.30567173495031,39.82573074726361,61.12754580070433
0.3549999999998006,38.460147412684115,41.0640019575644,62.61396369772349
0.3649999999998004,39.54562298833628,42.228291066366666,64.03797821730424
0.37499999999980016,40.523793768844484,43.27524651106517,65.33162866121044
0.38499999999979995,41.36685170452848,44.17347782982859,66.44479483242841
0.39499999999979973,42.05630652869698,44.902065097388906,67.34299426314948
0.4049999999997995,42.581808937490045,45.44917570658849,68.00530275399964
0.4149999999997993,42.93990866781094,45.81068415700665,68.42225946461821
0.4249999999997991,43.13276252324489,45.98878336389476,68.5937576173646
0.4349999999997989,43.16686505535101,45.99064188526807,68.52701854588824
0.44499999999979867,43.05190451734683,45.82719740249678,68.23479661099259
0.45499999999979845,42.799848460737635,45.51218277891391,67.73396632268758
0.46499999999979824,42.42433941986916,45.06145998046233,67.04460612210798
0.47499999999979803,41.94043688887595,44.49269483440466,66.18962505855455
0.4849999999997978,41.36468521981868,43.825350330540914,65.19489195237375
0.4949999999997976,40.7154280635763,43.08091808922639,64.08973694189913
0.5049999999997974,40.013239208232015,42.28325759714704,62.907618755012386
0.5149999999997972,39.28130705636615,41.45888090808795,61.686702445622366
0.524999999999797,38.54560300568636,40.63701431535275,60.47008278875142
0.5349999999997967,37.834686217121934,39.84929165036323,59.30542328177552
0.5449999999997965,37.17904734244193,39.12898502529574,58.243857763127565
0.5549999999997963,36.609965363295686,38.50975157355837,57.338111564324784
0.5649999999997961,36.15793412225197,38.02395826711367,56.63992602278245
0.5749999999997959,35.850795149307096,37.70072775074924,56.19699429616571
0.5849999999997957,35.71177739876431,37.56391250136651,56.04971725650132
0.5949999999997955,35.75768099857593,37.63024078192652,56.22814825672333
0.6049999999997953,35.99744380082944,37.90787841199296,56.74950333740869
0.614999999999795,36.431294775430956,38.39561367708604,57.61656584492991
0.6249999999997948,37.05063150371977,39.082803270321776,58.817217285395714
0.6349999999997946,37.83866991084898,39.95012497031024,60.32519337294063
0.6449999999997944,38.77181627854324,40.971081524928294,62.10201513277555
0.6549999999997942,39.82161922568007,42.11410506132316,64.09990144107196
0.664999999999794,40.957086373286124,43.345036303797734,66.26535215408217
0.6749999999997938,42.14710720444761,44.62970863169264,68.54301616797878
0.6849999999997936,43.36271577398094,45.936359292427234,70.8794357245676
0.6949999999997933,44.57895452993682,47.237619003614874,73.22628847172987
0.7049999999997931,45.77615845013895,48.51189142795024,75.54282588550592
0.7149999999997929,46.94055763529856,49.744015934791875,77.79731794298795
0.7249999999997927,48.06418450239492,50.92519833776475,79.9674424868312
0.7349999999997925,49.144156157788785,52.05228186182159,82.03968511173812
0.7449999999997923,50.18147196132284,53.12650262422054,84.00792441522381
0.7549999999997921,51.179512085723786,54.151921494062336,85.87145450025469
0.7649999999997918,52.14244032087565,55.133742476026896,87.63273351713497
0.7749999999997916,53.07370318922216,56.076716488580736,89.29514196242363
0.7849999999997914,53.97478160794318,56.98379273491047,90.86099194177933
0.7949999999997912,54.84429830102073,57.855125539836266,92.32995858565391
0.804999999999791,55.677523531109934,58.68748250961171,93.69802085973356
0.8149999999997908,56.46626362227061,59.47404064964432,94.95691602773289
0.8249999999997906,57.19907016545055,60.204509900980675,96.09404366508736
0.8349999999997904,57.86167910664971,60.86549492151953,97.09271148708103
0.8449999999997901,58.43758086662234,61.440998541957754,97.9326011758201
0.8549999999997899,58.90863403496776,61.91298274323118,98.5903467010136
0.8649999999997897,59.25566127464752,62.261930120785465,99.04015358424729
0.8749999999997895,59.458999638867745,62.467382971570586,99.25443435423571
0.8849999999997893,59.499010368952526,62.508469805790334,99.20448057156614
0.8949999999997891,59.356577983328236,62.3644525733011,98.86122374047474
0.9049999999997889,59.01363989912706,62.01533698347781,98.19614809559585
0.9149999999997886,58.453783987161344,61.442581235229575,97.18240471509563
0.9249999999997884,57.662933871147914,60.629917219383124,95.7961414027485
0.9349999999997882,56.63011495041046,59.564267904818415,94.01801397012383
0.944999999999788,55.34826441283572,58.23671216259546,91.83479271412281
0.9549999999997878,53.81502264385646,56.64342099229116,89.24093443753719
0.9649999999997876,52.033427051543235,54.78647295356997,86.23996482224273
0.9749999999997874,50.0124257970099,52.67445501182083,82.8455139776213
0.9849999999997872,47.76713882833512,50.322768325901635,79.08187030406782
0.9949999999997869,45.31881487679013,47.753584158284085,74.98396044828242
